Test,Animal,Treatment,Sex,APOE,Code,Stage,Trial,Apparatus,Object1 : head entries,Object1 : head time,Object1_Day2_3_5: RI,Object1 : latency to first entry,Object1 : time mobile,Object1 : time immobile,Object1 : in zone oriented to centre,Object1 : time freezing,Object2 : head entries,Object2 : head time,Object2_Day2_3_5.RI,Object2 : latency to first entry,Object2 : time mobile,Object2 : time immobile,Object2 : in zone oriented to centre,Object2 : time freezing,Outerzone : head entries,Outerzone : head time,Outerzone : distance,Outerzone : latency to first entry,Outerzone : average speed,Outerzone : time mobile,Outerzone : time immobile,Total_Time_Mobile,Outerzone : time freezing,Centerzone : head entries,Centerzone : head time,Centerzone : distance,Centerzone : latency to first entry,Centerzone : average speed,Centerzone : time mobile,Centerzone : time immobile,Centerzone : time freezing,Object 3 : head entries,Object 3 : head time,Object 3 : latency to first entry,Object 3 : in zone oriented to centre,Object 4 : head entries,Object4.headtime,Object 4 : latency to first entry,Object 4 : in zone oriented to centre,Object1Center : head time oriented towards,Object2Center : head time oriented towards,Total_Distance_Mobile,Total Time Freezing
1,191028_3,APOE2/2F,F,APOE2/2,A,openfield,1,2Objects_NOR,,,,,,,,,,,,,,,,,88,314.4,8.62,0,0.029,173.7,120.8,228.2,56.6,41,106.2,4.326,7.1,0.049,54.5,33.9,26.6,,,,,,,,,94.6,96.1,12.946,83.2
2,191028_4,APOE2/2F,F,APOE2/2,A,openfield,1,2Objects_NOR_2,,,,,,,,,,,,,,,,,90,307.4,7.767,1.7,0.032,177.3,67.9,221.9,22.9,65,111.7,3.842,12.2,0.043,44.6,45.5,23.2,,,,,,,,,,,11.609,46.1
3,191028_5,APOE2/2F,F,APOE2/2,A,openfield,1,2Objects_NOR,,,,,,,,,,,,,,,,,103,356.9,16.958,0.3,0.049,259.9,87.3,330.8,37.4,75,94.1,7.144,8.1,0.075,70.9,24.7,16.7,,,,,,,,,61.2,55.6,24.102,54.1
4,191028_6,APOE2/2M,M,APOE2/2,B,openfield,1,2Objects_NOR_2,,,,,,,,,,,,,,,,,76,296.4,6.867,0,0.025,136.3,134.1,194.6,40.8,43,97.4,5.107,2.9,0.052,58.3,40.7,9,,,,,,,,,,,11.974,49.8
5,191028_7,APOE2/2M,M,APOE2/2,B,openfield,1,2Objects_NOR,,,,,,,,,,,,,,,,,110,344,10.83,13.7,0.039,211.3,63.2,314.3,41.4,73,92.7,9.253,0,0.074,103,22.2,12.8,,,,,,,,,44.9,47.4,20.083,54.2
6,191028_3,APOE2/2F,F,APOE2/2,A,Dilutions,1,2Objects_NOR,9,10.5,0.5555555556,1.1,9,1.6,4.4,0,9,8.4,0.4444444444,0,7.6,0.8,3.8,0,21,58.4,4.388,5.2,0.078,47.3,8.8,66.2,3.6,14,20,1.079,0,0.05,18.9,2.6,0,6,12.2,68,0.7,4,3.8,79.5,0,17.4,11.8,5.467,3.6
7,191028_4,APOE2/2F,F,APOE2/2,A,Dilutions,1,2Objects_NOR_2,9,12.2,0.4841269841,14,12.2,0,4.8,0,11,13,0.5158730159,10.9,13,0,4.8,0,30,46.6,3.59,0.2,0.081,40.2,4.1,68.7,0,26,33.9,2.405,14.3,0.084,28.5,0,0,8,11.2,45.2,0,10,14.1,50.8,0,,,5.995,0
8,191028_5,APOE2/2F,F,APOE2/2,A,Dilutions,1,2Objects_NOR,8,10.1,0.3726937269,3.7,10.1,0,1.9,0,10,17,0.6273062731,8.1,9.4,7.6,4.4,0,20,42.5,3.602,1.2,0.08,42.5,2.5,70.9,0,24,40.7,1.822,4.9,0.054,28.4,5.1,0,5,3.6,60,0,9,14.7,18.3,0.1,16.4,15.8,5.424,0
9,191028_6,APOE2/2M,M,APOE2/2,B,Dilutions,1,2Objects_NOR_2,4,6,0.5825242718,42.1,2.9,3,1.8,0,5,4.3,0.4174757282,30.3,4.3,0,3,0,21,65.3,4.183,0,0.068,56.5,4.9,66.3,1.1,10,22.1,0.909,12.3,0.092,9.8,0,0,7,7.3,,0,6,13,33.7,0.1,,,5.092,1.1
10,191028_7,APOE2/2M,M,APOE2/2,B,Dilutions,1,2Objects_NOR,7,8,0.4469273743,3.3,8,0,3.5,0,7,9.9,0.5530726257,1.6,9.9,0,3.7,0,28,49.4,3.567,7.7,0.076,42,4.8,68,0,16,39.4,1.344,0,0.038,26,9.2,1.3,6,9.6,46.2,0,9,18,60.6,0,15.9,8.5,4.911,1.3
11,191028_3,APOE2/2F,F,APOE2/2,A,Dilutions,2,2Objects_NOR,4,6.9,0.6216216216,51.7,5.1,1.8,3.6,1.4,5,4.2,0.3783783784,21.6,4.2,0,2.2,0,25,79,2.421,4.2,0.029,40.8,43.8,46.6,19.8,8,8.8,0.327,0,0.057,5.8,0,0,4,4.4,60.7,0,2,0.7,,0,21.9,22.1,2.748,19.8
12,191028_4,APOE2/2F,F,APOE2/2,A,Dilutions,2,2Objects_NOR_2,7,8.2,0.6721311475,5.6,8.2,0,1.3,0,5,4,0.3278688525,2.8,4,0,1.3,0,23,60.3,2.216,1.2,0.041,40.4,13.7,56.4,1.1,21,20.5,1.121,52.5,0.07,16,0,0,4,6.5,53.7,0,6,9.9,11.6,0.1,,,3.337,1.1
13,191028_5,APOE2/2F,F,APOE2/2,A,Dilutions,2,2Objects_NOR,6,8.8,0.5789473684,12.2,8.8,0,1.9,0,4,6.4,0.4210526316,2.3,4,2.4,2.2,1.3,16,72.4,3.877,0.3,0.052,56.8,17.7,71.9,4.2,14,22.3,1.093,0.7,0.063,15.1,2.4,1.3,4,7.4,65.1,0,6,4.5,61,0,16.1,15.3,4.97,5.5
14,191028_6,APOE2/2M,M,APOE2/2,B,Dilutions,2,2Objects_NOR_2,3,4.7,0.8245614035,3.3,0.8,3.9,0.7,0,1,1,0.1754385965,3.9,1,0,0.9,0,27,73.7,0.923,1.2,0.01,26.7,68.2,29.7,51.7,5,8.3,0.269,2.6,0.091,3,0,0,2,0.5,,0,3,3.4,,0,,,1.192,51.7
15,191028_7,APOE2/2M,M,APOE2/2,B,Dilutions,2,2Objects_NOR,2,2.4,0.15,16.4,2.4,0,0.6,0,11,13.6,0.85,10.2,10.4,3.2,2.7,0,19,65.9,1.974,2,0.038,31.5,20,39.4,13.8,14,14.4,0.518,0,0.059,7.9,0.9,0,4,10.3,105,1.3,4,2.8,39.3,0,13,10.2,2.492,13.8
16,191028_3,APOE2/2F,F,APOE2/2,A,Dilutions,3,2Objects_NOR,2,1.4,0.1917808219,11.5,1.4,0,0,0,5,5.9,0.8082191781,0,5,0.9,4.6,0,20,70.1,1.613,1.2,0.021,32.5,45.8,36.2,34.2,9,7.4,0.373,0,0.101,3.7,0,0,6,7.9,,0,3,1.2,,0,14.6,25.2,1.986,34.2
17,191028_4,APOE2/2F,F,APOE2/2,A,Dilutions,3,2Objects_NOR_2,6,15.7,0.5667870036,10.2,15.7,0,2.7,0,17,12,0.4332129964,7.1,10,1.9,3.6,0,12,20.7,0.365,0,0.013,12.9,16,61.4,9.6,23,40.6,1.539,6.9,0.032,48.5,0,0,16,15.1,6.6,0,9,11.3,66.1,0,,,1.904,9.6
18,191028_5,APOE2/2F,F,APOE2/2,A,Dilutions,3,2Objects_NOR,2,2.8,0.4,2.1,2.8,0,0,0,4,4.2,0.6,51.1,4.2,0,3.1,0,11,97,2.411,0,0.023,38.8,63.8,38.8,50.3,1,3,0,,,0,0,0,1,0.4,,0,3,5.1,,0,31.2,14.9,2.411,50.3
19,191028_6,APOE2/2M,M,APOE2/2,B,Dilutions,3,2Objects_NOR_2,6,9.5,0.7196969697,0.3,5.9,3.6,5.5,3.6,4,3.7,0.2803030303,6.7,3.7,0,0.7,0,21,38.4,1.171,0,0.032,22.1,14.8,31.7,3.9,19,19.2,0.603,62.3,0.063,9.6,0,0,7,10,,0,2,5.2,26.8,0,,,1.774,3.9
20,191028_7,APOE2/2M,M,APOE2/2,B,Dilutions,3,2Objects_NOR,5,2.5,0.2777777778,6.9,2.5,0,0.8,0,6,6.5,0.7222222222,24.6,6.5,0,1.3,0,23,71.9,2.187,0.9,0.027,39.9,40.6,45.3,28.6,7,11.4,0.495,21.5,0.092,5.4,0,0,3,5.9,75.1,0,2,2.1,,0,36.7,36.7,2.682,28.6
21,191028_3,APOE2/2F,F,APOE2/2,A,Dilutions,4,2Objects_NOR,3,4.8,0.3,27.9,4.8,0,2.9,0,6,11.2,0.7,26.3,11.2,0,6.3,0,17,57.4,2.019,3.2,0.03,36.9,30.3,49,11.9,12,18.9,0.906,0.8,0.075,12.1,0,0,6,8,88.4,0,4,3,86.4,0,24.5,26.5,2.925,11.9
22,191028_4,APOE2/2F,F,APOE2/2,A,Dilutions,4,2Objects_NOR_2,1,3.6,0.1309090909,47.5,3.6,0,0,0,8,23.9,0.8690909091,7.8,6.9,17,4.6,1,20,37.4,0.74,0,0.024,15.2,15.5,37.6,6.6,14,38,1.597,45.4,0.044,22.4,13.8,1,5,6.8,57.8,0,6,13.8,68.9,0,,,2.337,7.6
23,191028_5,APOE2/2F,F,APOE2/2,A,Dilutions,4,2Objects_NOR,2,0.6,1,17.5,0.6,0,0.2,0,0,0,0,,0,0,0,0,15,105.2,3.782,0,0.033,62.8,53.5,63.1,36.4,1,0.5,0.235,9,0.807,0.3,0,0,1,1,,0,2,1.4,9,0,22.3,13.4,4.017,36.4
24,191028_6,APOE2/2M,M,APOE2/2,B,Dilutions,4,2Objects_NOR_2,0,0,,,0,0,0,0,0,0,,,0,0,0,0,14,56.5,1.651,0,0.02,41.3,43.1,41.3,45,0,0,0,,,0,0,0,4,4,,0,1,4.5,104.3,0,,,1.651,45
25,191028_7,APOE2/2M,M,APOE2/2,B,Dilutions,4,2Objects_NOR,3,5.3,0.6091954023,30,3.9,1.4,2.2,0,3,3.4,0.3908045977,1.2,3.4,0,0.5,0,16,69.9,2.021,2.2,0.024,36.4,48.9,42,24.7,7,7.5,0.306,0,0.054,5.6,0,0,1,0.2,,0,1,0.6,,0,17.5,28.6,2.327,24.7
26,191028_3,APOE2/2F,F,APOE2/2,A,Dilutions,5,2Objects_NOR,0,0,0,,0,0,0,0,1,0.1,1,29.1,0,0.1,0.1,0,10,72.3,1.992,1.6,0.017,42.8,73.1,45.5,51.4,2,2,0.304,0,0.112,2.7,0,0,2,1.2,86.3,0,1,0.1,,0,44.2,35.4,2.296,51.4
27,191028_4,APOE2/2F,F,APOE2/2,A,Dilutions,5,2Objects_NOR_2,2,3.6,0.972972973,24.4,1.6,2,1.9,0,1,0.1,0.027027027,67.5,0.1,0,0.1,0,17,93,1.138,0.4,0.012,25.4,73.4,28.1,66.5,3,3.9,0.265,0,0.097,2.7,0,0,1,1.3,,0,1,3.4,,0,,,1.403,66.5
28,191028_5,APOE2/2F,F,APOE2/2,A,Dilutions,5,2Objects_NOR,4,4.9,0.5764705882,22.3,4.9,0,0.1,1.2,3,3.6,0.4235294118,36.5,1.5,2.1,3,1.1,17,85.1,2.636,0.5,0.026,51.9,49.9,53,40.8,4,6,0.061,0,0.054,1.1,0,0,1,4.2,109.9,2,0,0,,0,30.4,34.3,2.697,40.8
29,191028_6,APOE2/2M,M,APOE2/2,B,Dilutions,5,2Objects_NOR_2,7,5.8,0.8787878788,31,0.9,4.9,2.1,0.7,1,0.8,0.1212121212,23.1,0.8,0,0.3,0,18,67,2.128,1.5,0.031,46.7,22.7,52.8,6.9,7,8.2,0.368,0,0.06,6.1,0,0,3,5,,0,5,7,72.4,0,,,2.496,6.9
30,191028_7,APOE2/2M,M,APOE2/2,B,Dilutions,5,2Objects_NOR,6,9.8,0.56,29,6.4,3.4,2.3,0,8,7.7,0.44,5.6,4.2,3.5,4,0,16,46.4,1.767,0.8,0.028,24.9,38.8,34,25.4,10,23.6,0.471,47.4,0.032,9.1,5.5,0,1,2.5,,0,3,11.1,48.3,0,9.2,8.1,2.238,25.4
31,191028_4,APOE2/2F,F,APOE2/2,A,Day2_IdenticalObject,1,2Objects_NOR_2,8,13.4,0.600896861,7.3,11.3,2,4.6,0,5,8.9,0.399103139,36.1,8.9,0,0.6,0,16,52.4,1.471,0,0.021,35.8,35.4,48.9,28.7,10,13.4,0.7,18.1,0.054,13.1,0,0,,,,,,,,,,,2.171,28.7
32,191028_3,APOE2/2F,F,APOE2/2,A,Day2_IdenticalObject,1,2Objects_NOR,1,3.3,0.6,60.6,3.3,0,0,0,4,2.2,0.4,44.7,1.9,0.3,0.7,0,12,83.4,1.294,0,0.017,30.6,44.6,35.1,39.3,2,3.4,0.317,56.3,0.07,4.5,0,1.2,1,0.6,56.3,0,4,2.2,,0,15.4,15.4,1.611,40.5
33,191028_5,APOE2/2F,F,APOE2/2,A,Day2_IdenticalObject,1,2Objects_NOR,2,2.1,0.6363636364,27.7,2.1,0,1.6,0,1,1.2,0.3636363636,40,1.2,0,0.7,0,18,94,1.838,0,0.017,24.1,87.3,24.3,81.2,3,1.6,0.034,42.9,0.143,0.2,0,0,1,0.8,42.4,0,1,1.2,,0,43.6,50.7,1.872,81.2
34,191028_6,APOE2/2M,M,APOE2/2,B,Day2_IdenticalObject,1,2Objects_NOR_2,4,6,1,11.2,3.8,2.3,1.9,0,0,0,0,,0,0,0,0,21,73.8,1.507,0.8,0.02,24.8,52,26.1,29.8,8,7.2,0,27,0,1.3,0,0,,,,,,,,,,,1.507,29.8
35,191028_7,APOE2/2M,M,APOE2/2,B,Day2_IdenticalObject,1,2Objects_NOR,11,11.2,0.6021505376,1.3,6.8,4.4,2.7,0.5,4,7.4,0.3978494624,32.6,5,2.5,2,0,28,51.8,1.74,2.2,0.025,32.1,38.2,39.9,20.8,12,10.1,0.594,0,0.076,7.8,0,0,4,3.3,0.8,0.1,4,7.4,35.6,0,17.4,13.7,2.334,20.8
36,191028_3,APOE2/2F,F,APOE2/2,A,Day2_IdenticalObject,2,2Objects_NOR,1,2,0.2857142857,68.8,2,0,0.6,0,4,5,0.7142857143,0,5,0,1.6,0,16,83.9,1.55,1.7,0.019,42.3,38.6,57.9,40.2,9,14.4,1.1,0,0.071,15.6,0,1.5,5,3.1,25.1,0,4,5,78.6,0.2,7.5,9.6,2.65,41.7
37,191028_4,APOE2/2F,F,APOE2/2,A,Day2_IdenticalObject,2,2Objects_NOR_2,5,2.8,0.2434782609,1.9,2.8,0,0.4,0,5,8.7,0.7565217391,3.9,8.7,0,2.7,0,19,64.3,1.648,10.5,0.02,33,49.9,47.7,35.3,4,15.5,1.037,0,0.071,14.7,0,0,,,,,,,,,,,2.685,35.3
38,191028_5,APOE2/2F,F,APOE2/2,A,Day2_IdenticalObject,2,2Objects_NOR,1,2,0.3773584906,118,2,0,0.2,0,3,3.3,0.6226415094,64.4,0.1,3.1,1,0,27,87.6,2.206,1.5,0.021,43,64.3,46.1,46.2,5,3.9,0.238,0,0.078,3.1,0,0,4,2.8,0.4,0,3,3.3,,0,30,29.4,2.444,46.2
39,191028_6,APOE2/2M,M,APOE2/2,B,Day2_IdenticalObject,2,2Objects_NOR_2,8,7.2,0.5538461538,1.8,4.3,2.9,3.7,1.3,3,5.8,0.4461538462,72.5,5.8,0,1.5,0,9,81.6,2.586,3.3,0.03,57.7,27.3,76.3,15.9,8,22.2,0.828,0,0.035,18.6,4.9,1.3,,,,,,,,,,,3.414,17.2
40,191028_7,APOE2/2M,M,APOE2/2,B,Day2_IdenticalObject,2,2Objects_NOR,2,0.8,0.3076923077,103.2,0.8,0,0.6,0,3,1.8,0.6923076923,7.7,1.8,0,0.9,0,12,84.4,1.963,1.1,0.021,35.6,58.4,38.9,39.8,6,4.9,0.271,0,0.082,3.3,0,0,4,5.9,9.2,0,3,1.8,,0,22.9,18.5,2.234,39.8
41,191028_3,APOE2/2F,F,APOE2/2,A,Day2_IdenticalObject,3,2Objects_NOR,2,3.8,0.3958333333,97.3,3.8,0,1.5,0,4,5.8,0.6041666667,71.5,2.8,3,2.7,1.6,18,90.7,1.539,0.8,0.018,41.6,45,44.6,34.5,5,6.5,0.247,0,0.082,3,0,0,2,0.4,0,0,3,0.7,80.8,0,8.1,12.6,1.786,34.5
42,191028_4,APOE2/2F,F,APOE2/2,A,Day2_IdenticalObject,3,2Objects_NOR_2,8,7.4,0.3189655172,15.9,3.5,3.9,1.1,0,6,15.8,0.6810344828,0,15.8,0,2,0,24,58.9,1.61,1.5,0.021,34.1,40.9,51.3,27.4,9,24.5,1.48,0,0.086,17.2,0,0,2,0.9,0.6,0.1,1,0.3,106.5,0,,,3.09,27.4
43,191028_5,APOE2/2F,F,APOE2/2,A,Day2_IdenticalObject,3,2Objects_NOR,9,13.2,0.4731182796,7,13.2,0,2.5,0,6,14.7,0.5268817204,24.6,10,4.7,4.3,0,13,59.2,2.346,0.6,0.04,32.3,25.8,56.7,18.1,11,30.1,0.947,0,0.03,24.4,6.7,2.9,2,0.6,83.2,0,1,0.4,73.9,0,14.2,9.7,3.293,21
44,191028_6,APOE2/2M,M,APOE2/2,B,Day2_IdenticalObject,3,2Objects_NOR_2,0,0,0,,0,0,0,0,1,1.5,1,100.2,1.5,0,0.6,0,9,110.7,2.429,0,0.022,38.5,72.1,43,63.7,4,4.9,0.472,67.9,0.105,4.5,0,0,1,0.4,67.9,0,1,0.6,73.3,0,,,2.901,63.7
45,191028_7,APOE2/2M,M,APOE2/2,B,Day2_IdenticalObject,3,2Objects_NOR,3,3,0.5454545455,3.2,2.4,0.7,1.7,0,3,2.5,0.4545454545,6.3,2.5,0,1,0,18,56.1,1.113,0,0.017,21.2,43.8,22.2,30.1,4,2.1,0.231,4.5,0.228,1,0,0,1,0.4,70.8,0,1,0.5,4.6,0,17.5,42.1,1.344,30.1
46,191028_3,APOE2/2F,F,APOE2/2,A,Day2_ShortTermMemory,4,2Objects_NOR,3,2.4,0.2962962963,41.6,2.4,0,0.9,0,4,5.7,0.7037037037,28.3,5.7,0,3.9,0,11,101.2,2.691,0.6,0.028,33.4,64.3,38.6,53.4,5,6.4,0.374,0,0.072,5.2,0,0,2,0.7,27.7,0,1,0.6,41,0,8.5,7.9,3.065,53.4
47,191028_4,APOE2/2F,F,APOE2/2,A,Day2_ShortTermMemory,4,2Objects_NOR_2,7,5,0.4237288136,0,5,0,1.4,0,7,6.8,0.5762711864,5.5,5.9,0.9,2.8,0.1,16,58.2,1.953,1.1,0.025,24.4,54.6,41.4,36.5,11,12.8,0.876,0,0.052,17,0,0,3,2.7,0.7,0,3,1.6,14.9,0,,,2.829,36.5
48,191028_5,APOE2/2F,F,APOE2/2,A,Day2_ShortTermMemory,4,2Objects_NOR,3,7.1,0.5772357724,10.1,1.7,5.4,3.5,2.7,2,5.2,0.4227642276,22.2,2.8,2.4,3.9,0,18,76.8,2.964,0.3,0.031,43.4,53.5,47,44.7,7,12.2,0.339,21.8,0.057,3.6,2.4,0,2,4.1,112.5,0,3,1.7,11.8,0,38.7,33.6,3.303,44.7
49,191028_6,APOE2/2M,M,APOE2/2,B,Day2_ShortTermMemory,4,2Objects_NOR_2,2,3,0.3157894737,61,3,0,2,0,2,6.5,0.6842105263,11.4,3.9,2.6,2.6,0,10,93.1,1.883,0,0.019,26,74.7,28.4,56.2,7,6.5,0.493,60.1,0.208,2.4,0,0,4,1.6,60,0.1,0,0,,0,,,2.376,56.2
50,191028_7,APOE2/2M,M,APOE2/2,B,Day2_ShortTermMemory,4,2Objects_NOR,0,0,0,,0,0,0,0,3,4.4,1,13.8,4.1,0.3,3.1,0,16,94.3,1.98,0,0.02,30,71.2,31.6,35.1,3,1.8,0.071,14,0.044,1.6,0,0,0,0,,0,1,0.5,57.7,0,14,16.7,2.051,35.1
52,191028_3,APOE2/2F,F,APOE2/2,A,Day3_Novel Object2,1,2Objects_NOR,1,0.6,0.4,37.6,0.6,0,0.6,0,1,0.9,0.6,85.2,0.9,0,0.8,0,16,101.2,4.273,0.7,0.04,63.9,42.1,65.2,39.2,3,0.8,0.456,0,0.362,1.3,0,0,4,2.2,6.2,0,2,0.1,0,0,23.9,21.4,4.729,39.2
53,191028_4,APOE2/2F,F,APOE2/2,A,Day3_Novel Object2,1,2Objects_NOR_2,6,12,0.46692607,9.2,12,0,4.2,1.4,8,13.7,0.53307393,20,10.2,3.5,2.6,1.2,14,66.3,1.987,0,0.031,38.8,25.7,61.4,11.1,16,27.4,1.383,9.1,0.047,22.6,6.9,2.6,5,6,8.9,0.3,3,1.5,84.7,0,,,3.37,13.7
54,191028_5,APOE2/2F,F,APOE2/2,A,Day3_Novel Object2,1,2Objects_NOR,7,18.8,0.614379085,49.1,11.5,7.3,2.4,0,5,11.8,0.385620915,13.6,11.8,0,3.4,0,16,65.6,3.686,1.5,0.055,54.5,13,67.9,3.5,12,19.7,1.141,0,0.06,13.4,5.6,0,5,1.2,63.4,0,3,0.8,57.9,0,10.5,8.7,4.827,3.5
55,191028_6,APOE2/2M,M,APOE2/2,B,Day3_Novel Object2,1,2Objects_NOR_2,4,2.7,1,30.9,0.7,2,2.5,1.3,0,0,0,,0,0,0,0,13,97,1.746,0,0.017,28.1,75.4,29.9,79.7,2,2.1,0.133,80.4,0.073,1.8,0,0,0,0,,0,1,2.7,80.5,0,,,1.879,79.7
56,191028_7,APOE2/2M,M,APOE2/2,B,Day3_Novel Object2,1,2Objects_NOR,2,4.4,0.4444444444,24.7,4.4,0,0.5,0,4,5.5,0.5555555556,31.9,5.5,0,1,0,18,79.3,3.419,0.5,0.039,36.5,50.3,51.3,30,10,14.1,0.705,35.5,0.038,14.8,3.7,0,2,0.6,35.4,0,4,5.7,0,0.7,17.5,18.9,4.124,30
57,191028_3,APOE2/2F,F,APOE2/2,A,Day5_NovelObject3,1,2Objects_NOR,4,5.2,0.3909774436,49.5,5.2,0,1.1,0,4,8.1,0.6090225564,35,5,3.2,2.5,0,18,78.1,4.131,0,0.055,48.4,27.2,60.8,20.6,12,19.2,1.177,8,0.079,12.4,2.5,0,2,1.2,34.4,0,6,6.5,8,0.2,17.6,17.8,5.308,20.6
58,191028_4,APOE2/2F,F,APOE2/2,A,Day5_NovelObject3,1,2Objects_NOR_2,5,11.1,0.4111111111,11.4,8.2,2.9,3.2,0,11,15.9,0.5888888889,0,10.8,5.1,7.9,1.8,13,65.2,1.135,1.8,0.018,28.8,34.4,52.1,15.8,12,28.2,1.144,10.1,0.049,23.3,0,0,3,1.5,44.2,0,3,1.1,3.9,0,,,2.279,15.8
59,191028_5,APOE2/2F,F,APOE2/2,A,Day5_NovelObject3,1,2Objects_NOR,4,5.1,0.3566433566,16.8,5.1,0,2.1,0,4,9.2,0.6433566434,7.1,7.1,2.1,2.9,0,13,91.7,3.611,0,0.04,43.3,47.6,52.4,33.3,8,12.9,0.887,6.7,0.097,9.1,0,0,4,1.5,9.5,0,4,2.3,6.6,0.1,18.1,18.9,4.498,33.3
60,191028_6,APOE2/2M,M,APOE2/2,B,Day5_NovelObject3,1,2Objects_NOR_2,5,8.3,0.5533333333,2.5,8.3,0,1.9,0,5,6.7,0.4466666667,12.3,4.2,2.5,2.8,0.7,17,73.6,2.334,3.9,0.033,49.4,21.9,66.5,22.4,7,17.2,1.054,0,0.054,17.1,2.5,0,2,0.8,107.1,0,2,1,0.8,0,,,3.388,22.4
61,191028_7,APOE2/2M,M,APOE2/2,B,Day5_NovelObject3,1,2Objects_NOR,9,14.9,0.58203125,16.8,10.7,4.1,3.2,0,10,10.7,0.41796875,29.1,5.7,5,3.6,0,21,67.6,2.875,0.4,0.047,41,20.4,54.6,15,16,20.7,1.108,9.2,0.065,13.6,3.3,0,1,0.1,,0,6,2.3,9.3,0,3.7,9.3,3.983,15
1,190715_1,APOE3/3M,M,APOE3/3,B,openfield,1,2Objects_NOR,31,42.5,0.6899350649,16.2,18,24.5,9.7,6.8,22,19.1,0.3100649351,0.9,14.7,4.4,1.5,1.3,103,285,7.682,13.2,0.037,156.4,53.5,227,6.9,65,154.1,5.431,0,0.04,70.6,66.2,19.2,23,31.6,50.7,0.3,21,22.5,70.6,0,63.4,79.5,13.113,26.1
2,190715_2,APOE3/3M,M,APOE3/3,B,openfield,1,2Objects_NOR_2,7,4.6,0.3087248322,210.2,4.6,0,1,0,5,10.3,0.6912751678,2.8,4.7,5.5,1.2,0,60,368.3,4.925,43.9,0.018,163.3,114.1,208.1,71.9,28,52.8,2.958,0,0.051,44.8,13.2,2.1,16,21.3,38.5,0,9,8.3,20.1,0,,,7.883,74
3,190715_4,HNf,F,HN,C,openfield,1,2Objects_NOR_2,19,15.1,0.4808917197,38.1,8.4,6.6,5.4,5.4,16,16.3,0.5191082803,3.2,15.8,0.5,3.5,1.3,67,372,8.682,0,0.027,186.3,138.5,231.4,54.9,37,77,3.49,3.9,0.052,45.1,22.7,10.5,20,29.9,17.9,0.2,17,17.6,88.4,0,,,12.172,65.4
4,190715_3,APOE3/3M,M,APOE3/3,B,openfield,1,2Objects_NOR,27,35.8,0.7381443299,8.7,20.6,15.3,5.9,6.2,13,12.7,0.2618556701,13.3,11.9,0.8,2.4,0,75,350.7,8.736,22.8,0.028,173.1,140.1,235.6,23,50,78.9,3.306,0,0.042,62.5,15.5,4.7,9,11.9,83.4,0,18,15.4,31.8,0,39.3,45,12.042,27.7
5,190715_6,APOE2/2M,M,APOE2/2,A,openfield,1,2Objects_NOR,21,26.1,0.6744186047,66.5,16.2,9.9,2.7,3.3,23,12.6,0.3255813953,46,12.1,0.5,2.1,0,83,293.7,2.997,2.5,0.023,81.1,50.8,163.4,9.4,65,142.8,7.076,13.1,0.055,82.3,45.2,18.7,32,27.4,12.7,0.3,22,17.2,59.7,0,53.1,53.8,10.073,28.1
6,190715_5,APOE2/2M,M,APOE2/2,A,openfield,1,2Objects_NOR_2,40,52.1,0.4352548037,11.4,15.1,36.9,7.6,12,37,67.6,0.5647451963,7.4,37.1,30.5,10.5,15.3,90,225.2,5.393,19.5,0.03,134,46.1,210.1,16.1,59,103.1,4.548,0,0.033,76.1,60.7,27.5,21,13.5,53.1,5.9,28,85.2,0.4,22.5,,,9.941,43.6
7,190715_7,APOE2/2F,F,APOE2/2,D,openfield,1,2Objects_NOR,36,23.6,0.5770171149,14.6,20.9,2.7,5.9,0,33,17.3,0.4229828851,13.6,14.1,3.3,4.8,1.3,108,390.4,10.473,2.4,0.034,220.6,88.5,302.5,14.7,82,93.1,9.355,0,0.085,81.9,27.9,9.8,30,19,21.9,0,20,15.7,38.7,0,27.4,28.8,19.828,24.5
8,190715_8,APOE2/2F,F,APOE2/2,D,openfield,1,2Objects_NOR_2,26,16.7,0.4664804469,3.5,16.7,0,3.1,0,27,19.1,0.5335195531,31.9,19.1,0,3.5,0,109,378.4,7.79,20.2,0.028,195.7,85.4,276.9,15.7,63,89.1,7.958,0,0.094,81.2,3.3,0,29,26.3,8.9,0,33,18,12.2,0,,,15.748,15.7
9,190715_9,APOE2/2M,M,APOE2/2,A,openfield,1,2Objects_NOR,31,24.9,0.5484581498,24,20.7,4.2,7.5,1.9,21,20.5,0.4515418502,27.3,15.5,5,7.2,0,94,329.7,5.175,4.7,0.021,141.6,110.4,230.5,23.2,54,112.3,5.541,0,0.046,88.9,30.9,2.5,31,22.5,41,0.1,14,8.3,47.1,0.1,64.5,46,10.716,25.7
10,190715_10,APOE2/2M,M,APOE2/2,A,openfield,1,2Objects_NOR_2,21,11.6,0.328611898,13.9,11.6,0,3.6,0,26,23.7,0.671388102,18.2,21.3,2.4,3.8,0,93,284.5,6.164,10,0.032,141.2,53.6,242.1,12.6,86,139.6,8.415,0,0.053,100.9,56.8,6.1,38,31.6,11.3,0.2,31,29.4,4.2,0.1,,,14.579,18.7
11,190715_1,APOE3/3M,M,APOE3/3,B,Dilutions,1,2Objects_NOR_2,4,2.9,0.25,3.6,2.9,0,2,0,10,8.7,0.75,5.2,6.5,2.1,1.4,0,29,47.4,1.976,7.4,0.045,37.7,6,57.4,0,15,22.1,1.497,1.4,0.076,19.7,0,0,8,7.1,0.8,0,8,7,49.1,0,,,3.473,0
12,190715_2,APOE3/3M,M,APOE3/3,B,Dilutions,1,2Objects_NOR_2,1,1.3,0.1733333333,32.6,1.3,0,0.6,0,8,6.2,0.8266666667,0,6.2,0,1.6,0,18,76,4.525,4.9,0.063,62.7,9.1,77.5,1.6,13,18,1.099,0,0.074,14.8,0,0,4,2.2,11.7,0,7,6.3,116,0,,,5.624,1.6
13,190715_3,APOE3/3M,M,APOE3/3,B,Dilutions,1,2Objects_NOR_2,3,1.8,0.3829787234,22,1.8,0,0.9,0,3,2.9,0.6170212766,2.5,2.9,0,0.2,0,27,85.9,5.006,0.9,0.055,64.6,26.2,69.6,0,5,9.5,0.305,49.2,0.061,5,0,0,4,2.6,,0,3,3.4,,0,,,5.311,0
14,190715_4,HNf,F,HN,C,Dilutions,1,2Objects_NOR_2,4,2.3,0.2839506173,0.6,2.3,0,0.9,0,5,5.8,0.7160493827,9.9,5.8,0,3.7,0,20,86.3,4.845,1.1,0.052,61.5,31.8,66,16.9,10,9.8,0.239,0,0.053,4.5,0,0,6,4.7,,0,3,4.2,,0,,,5.084,16.9
15,190715_5,APOE2/2M,M,APOE2/2,A,Dilutions,1,2Objects_NOR_2,5,4.7,0.4392523364,12,4.7,0,0.7,0,5,6,0.5607476636,1,6,0,2.9,0,25,70.9,3.912,10.9,0.056,66.2,3.8,77.2,0,9,19.8,0.362,0.6,0.03,11,1.1,0,4,6.8,105.8,0,2,2.9,,0,,,4.274,0
16,190715_6,APOE2/2M,M,APOE2/2,A,Dilutions,1,2Objects_NOR_2,6,7.4,0.7708333333,7.1,7.1,0.4,2.7,0,5,2.2,0.2291666667,0,2.2,0,0.8,0,22,71.6,2.569,4.5,0.049,46.6,6.1,66.2,0.4,9,23,1.024,0,0.052,19.6,0,0,5,14,6.6,0,5,4.1,2.1,0,,,3.593,0.4
17,190715_7,APOE2/2F,F,APOE2/2,D,Dilutions,1,2Objects_NOR_2,4,5.2,0.4859813084,11.3,5.2,0,1.9,0,7,5.5,0.5140186916,3.4,5.5,0,2.2,0,28,66.4,3.425,6.1,0.057,57.6,2.2,71.4,0,13,23.4,0.812,0,0.059,13.8,0,0,5,7.6,79.8,0.1,5,5.9,85.5,0,,,4.237,0
18,190715_8,APOE2/2F,F,APOE2/2,D,Dilutions,1,2Objects_NOR_2,5,8,0.4651162791,2.7,5.9,2,2.6,0,8,9.2,0.5348837209,14,7.2,2,7.1,0,18,57,5.083,11.6,0.081,60.4,2,78.5,0,16,25.6,0.739,0,0.035,18.1,2.8,0,5,7.7,92.9,0,4,11.9,73.6,0,,,5.822,0
19,190715_9,APOE2/2M,M,APOE2/2,A,Dilutions,1,2Objects_NOR_2,3,4.8,0.2774566474,24.3,2.3,2.6,2.6,0,7,12.5,0.7225433526,0,12.5,0,4.4,0,21,68.5,4.11,10.2,0.059,66.6,2.5,80.2,0,14,19.6,0.611,0,0.045,13.6,0,0,6,7,,0,6,7.5,8.8,0,,,4.721,0
20,190715_10,APOE2/2M,M,APOE2/2,A,Dilutions,1,2Objects_NOR_2,4,6.1,0.4265734266,83.1,3.3,2.8,1.5,0,7,8.2,0.5734265734,0,6.2,2,6,0,32,62.7,5.213,4.7,0.09,58.1,0,71.9,0,22,19.5,1.014,0,0.064,13.8,2,0,12,11,51.6,0,8,5.9,90,0,,,6.227,0
21,190715_1,APOE3/3M,M,APOE3/3,B,Dilutions,2,2Objects_NOR_2,3,4.5,0.4736842105,9,2.3,2.2,1.7,0,4,5,0.5263157895,1.9,5,0,1.6,0,29,57.5,2.188,6.4,0.042,43.4,8.6,60.5,0,17,25.5,1.889,0,0.098,17.1,2.2,0,11,8.6,67.6,0,11,7.6,69.5,0,,,4.077,0
22,190715_2,APOE3/3M,M,APOE3/3,B,Dilutions,2,2Objects_NOR_2,3,4.5,0.3846153846,79.6,4.5,0,2,0,7,7.2,0.6153846154,21.3,7.2,0,3.5,0,21,70,4.65,0,0.062,64.6,10.5,82.8,0,13,23.5,1.244,43,0.068,18.2,0,0,5,5.1,,0,8,9.7,57.1,0.1,,,5.894,0
23,190715_3,APOE3/3M,M,APOE3/3,B,Dilutions,2,2Objects_NOR_2,2,2.3,0.575,9,0.5,1.8,0,0,2,1.7,0.425,5.5,1.7,0,1.2,0,12,82.5,1.928,13.9,0.019,26.8,76.8,36.6,42.4,1,8.4,0.312,0,0.032,9.8,0,0,0,0,,0,1,0.7,,0,,,2.24,42.4
24,190715_4,HNf,F,HN,C,Dilutions,2,2Objects_NOR_2,0,0,0,,0,0,0,0,1,0.2,1,44.6,0.2,0,0.1,0,24,104.8,1.702,0.2,0.015,32.1,81.8,35.5,67,1,3.6,0.102,60.3,0.03,3.4,0,0,1,0.5,,0,2,3.4,60.1,0,,,1.804,67
25,190715_5,APOE2/2M,M,APOE2/2,A,Dilutions,2,2Objects_NOR_2,5,7,0.4697986577,6.5,4.2,2.7,1.6,0,11,7.9,0.5302013423,5.4,7.9,0,4.6,0,23,59.7,3.744,0,0.065,53.2,4.6,74.6,0,14,25.5,1.104,6.5,0.051,21.4,0.1,0,3,3.6,113.1,0,10,10.8,72.6,0,,,4.848,0
26,190715_6,APOE2/2M,M,APOE2/2,A,Dilutions,2,2Objects_NOR_2,3,3.8,0.6031746032,61.2,1.7,2.1,3.7,1.2,3,2.5,0.3968253968,17,2.5,0,1.5,0,16,93.4,3.082,1.1,0.033,43,50.5,45.7,18.4,4,4.5,0.253,0,0.092,2.7,0,0,2,1.7,115.9,0,3,1.5,,0,,,3.335,18.4
27,190715_7,APOE2/2F,F,APOE2/2,D,Dilutions,2,2Objects_NOR_2,1,1.2,0.2553191489,35.4,1.2,0,0.1,0,5,3.5,0.7446808511,0,3.5,0,1.9,0,17,86.1,2.675,1.5,0.029,39.5,51.6,47.6,23.9,5,8.8,0.476,0,0.059,8.1,0,0,6,4.3,32,0,4,2.7,,0,,,3.151,23.9
28,190715_8,APOE2/2F,F,APOE2/2,D,Dilutions,2,2Objects_NOR_2,3,6.6,0.3882352941,31.6,6.6,0,1.8,0,6,10.4,0.6117647059,10.9,6.6,3.8,7.6,0,18,75,5.234,0,0.064,68.2,13.1,75,0,15,18.1,0.447,79.1,0.053,6.8,1.5,0,5,4.8,62.6,0,5,4.1,,0,,,5.681,0
29,190715_9,APOE2/2M,M,APOE2/2,A,Dilutions,2,2Objects_NOR_2,1,3,1,0,0,3,2.7,0,0,0,0,,0,0,0,0,11,107,1.051,4.3,0.009,31.4,81.2,31.6,57.9,1,3,0.028,0,0.009,0.2,3.1,0,0,0,,0,0,0,,0,,,1.079,57.9
30,190715_10,APOE2/2M,M,APOE2/2,A,Dilutions,2,2Objects_NOR_2,4,3.6,0.6545454545,11.8,3.6,0,1.5,0,4,1.9,0.3454545455,32.3,1.9,0,1.3,0,16,95.2,4.348,0.6,0.049,68.8,20.7,73.7,6.4,3,6.4,0.151,115.1,0.031,4.9,0,0,1,0.9,,0,3,4.2,,0,,,4.499,6.4
31,190715_1,APOE3/3M,M,APOE3/3,B,Dilutions,3,2Objects_NOR_2,4,1.4,0.2333333333,22.3,1.4,0,0,0,4,4.6,0.7666666667,4.8,4.5,0.1,0.6,0,27,51.8,1.315,8.3,0.027,27.1,22.1,38.2,1.2,10,12.2,1.056,0,0.095,11.1,0,0,11,7.7,3.6,0,5,5.1,101.8,0,,,2.371,1.2
32,190715_2,APOE3/3M,M,APOE3/3,B,Dilutions,3,2Objects_NOR_2,0,0,0,,0,0,0,0,4,2.4,1,10.1,2.4,0,1.4,0,6,107.6,2.059,0,0.019,30,80.9,30,47.5,0,0,0,,,0,0,0,0,0,,0,1,1.6,,0,,,2.059,47.5
33,190715_3,APOE3/3M,M,APOE3/3,B,Dilutions,3,2Objects_NOR_2,0,0,0,,0,0,0,0,1,1.6,1,0.9,1.6,0,1.5,0,10,89.5,0.629,16,0.006,12.1,85.8,24,64.8,3,12.5,0.462,0,0.03,11.9,3.5,0,1,0.9,4,0,2,4.6,,0,,,1.091,64.8
34,190715_4,HNf,F,HN,C,Dilutions,3,2Objects_NOR_2,0,0,,,0,0,0,0,0,0,,,0,0,0,0,6,117.5,0.085,0,0.001,3.4,116.6,3.4,99.4,0,0,0,,,0,0,0,0,0,,0,0,0,,0,,,0.085,99.4
35,190715_5,APOE2/2M,M,APOE2/2,A,Dilutions,3,2Objects_NOR_2,1,1,0.1369863014,103.8,1,0,0.5,0,4,6.3,0.8630136986,18.8,6.3,0,2.1,0,23,65.7,2.797,0,0.042,43.1,23.7,57.8,1.3,8,17.1,0.643,3.4,0.044,14.7,0,0,2,1.3,80.2,0,7,5.6,,0,,,3.44,1.3
36,190715_6,APOE2/2M,M,APOE2/2,A,Dilutions,3,2Objects_NOR_2,1,0.9,0.28125,118.4,0.9,0,0,0,2,2.3,0.71875,4.9,2.3,0,1.8,0,10,105.2,2.985,0.2,0.028,37.6,68.3,37.6,30.5,1,0.7,0,,,0,0,0,0,0,,0,1,0.9,,0,,,2.985,30.5
37,190715_7,APOE2/2F,F,APOE2/2,D,Dilutions,3,2Objects_NOR_2,0,0,0,,0,0,0,0,2,2.9,1,91.3,2.9,0,2.3,0,11,100.7,2.531,0,0.023,31,77.4,31,55.1,3,3,0,,,0,0,0,1,0.8,96.1,0,2,2.7,119.5,0,,,2.531,55.1
38,190715_8,APOE2/2F,F,APOE2/2,D,Dilutions,3,2Objects_NOR_2,3,3.3,0.4074074074,46.9,3.3,0,3.1,0,8,4.8,0.5925925926,68.9,4.8,0,2.1,0,16,80.1,2.719,0,0.033,46.4,37.2,55.5,9.3,3,15.2,0.399,46.8,0.044,9.1,0,0,2,4.3,106.9,0,5,10,43.6,0.1,,,3.118,9.3
39,190715_9,APOE2/2M,M,APOE2/2,A,Dilutions,3,2Objects_NOR_2,0,0,,,0,0,0,0,0,0,,,0,0,0,0,12,96.9,0.455,0,0.004,10.9,106.7,10.9,70.8,1,0.9,0,,,0,0,0,2,2.1,,0,0,0,,0,,,0.455,70.8
40,190715_10,APOE2/2M,M,APOE2/2,A,Dilutions,3,2Objects_NOR_2,1,4.8,0.6857142857,59.3,2,2.8,1.8,0,3,2.2,0.3142857143,49.5,2.2,0,1.6,0,13,96.1,2.996,1.9,0.032,61.5,32.6,64.9,2.4,9,8.1,0.309,0,0.092,3.4,0,0,2,3.6,,0,3,1.8,52.9,0,,,3.305,2.4
41,190715_1,APOE3/3M,M,APOE3/3,B,Dilutions,4,2Objects_NOR_2,1,1.6,0.7272727273,14.6,1.6,0,1.6,0,2,0.6,0.2727272727,11.9,0.6,0,0,0,20,88.5,0.886,3.6,0.01,22.1,68.3,24,31.1,1,2.2,0.197,16.8,0.104,1.9,0,0,0,0,,0,1,0.5,18.4,0,,,1.083,31.1
42,190715_2,APOE3/3M,M,APOE3/3,B,Dilutions,4,2Objects_NOR_2,1,0.3,0.375,0.5,0.3,0,0,0,1,0.5,0.625,92.7,0.5,0,0,0,8,111.8,1.839,1.8,0.016,29.9,87.8,31,64.6,1,0.7,0.08,0,0.074,1.1,0,0,0,0,,0,0,0,,0,,,1.919,64.6
43,190715_3,APOE3/3M,M,APOE3/3,B,Dilutions,4,2Objects_NOR_2,2,1.5,0.3947368421,2.9,1.5,0,0.6,0,3,2.3,0.6052631579,0.4,2.3,0,1.7,0,15,100.3,1.777,8.7,0.017,31.4,72.4,36.2,48.6,1,4.5,0.077,0,0.016,4.8,0,0,1,1.7,,0,0,0,,0,,,1.854,48.6
44,190715_4,HNf,F,HN,C,Dilutions,4,2Objects_NOR_2,0,0,0,,0,0,0,0,2,0.9,1,42.6,0.9,0,0.5,0,18,111.1,1.75,0,0.015,37.1,80.8,37.1,57.2,1,0.1,0,,,0,0,0,0,0,,0,1,1.1,,0,,,1.75,57.2
45,190715_5,APOE2/2M,M,APOE2/2,A,Dilutions,4,2Objects_NOR_2,4,10,0.8474576271,29.9,5.5,4.5,4,0,2,1.8,0.1525423729,3.3,1.2,0.6,0.9,0,25,74.8,2.888,0,0.05,44.2,13.2,47.3,4.5,7,6.3,0.173,49.9,0.056,3.1,0,0,1,1,,0,3,3.1,,0,,,3.061,4.5
46,190715_6,APOE2/2M,M,APOE2/2,A,Dilutions,4,2Objects_NOR_2,3,4,0.4819277108,1.2,1.9,2.1,0.9,0,7,4.3,0.5180722892,49.1,4.3,0,1.5,0,23,68.4,1.547,0,0.027,23.4,33.4,26.4,16.1,17,12.3,0.226,2.7,0.076,3,0,0,5,9.9,4.4,0.7,3,4,43.8,0,,,1.773,16.1
47,190715_7,APOE2/2F,F,APOE2/2,D,Dilutions,4,2Objects_NOR_2,1,0.6,0.4,101.4,0.6,0,0,0,1,0.9,0.6,99.8,0.9,0,0.9,0,4,109.1,1.809,1.9,0.016,26.8,83.8,28.8,73.8,3,3.1,0.665,1.3,0.339,2,0,0,0,0,,0,1,1.2,,0,,,2.474,73.8
48,190715_8,APOE2/2F,F,APOE2/2,D,Dilutions,4,2Objects_NOR_2,1,1.5,0.2459016393,77.5,1.5,0,0.7,0,3,4.6,0.7540983607,20,2.5,2,1,0,16,97.5,2.737,0,0.027,47.6,54.1,51.1,30.4,4,6.5,0.204,77.3,0.054,3.5,0.3,0,4,2.1,,0,1,0.6,,0,,,2.941,30.4
49,190715_9,APOE2/2M,M,APOE2/2,A,Dilutions,4,2Objects_NOR_2,0,0,,,0,0,0,0,0,0,,,0,0,0,0,10,110.7,0.703,1.8,0.006,15.4,101.7,16.4,74.7,2,0.7,0.071,0,0.069,1,0,0,0,0,,0,2,0.8,,0,,,0.774,74.7
50,190715_10,APOE2/2M,M,APOE2/2,A,Dilutions,4,2Objects_NOR_2,1,0.9,0.2727272727,119.1,0.9,0,0.6,0,1,2.4,0.7272727273,116.4,2.4,0,0.3,0,12,81.8,2.803,2.7,0.03,47.2,47.7,49.6,13.5,2,4.5,0.163,0,0.068,2.4,0,0,0,0,,0,4,3.8,,0,,,2.966,13.5
51,190715_1,APOE3/3M,M,APOE3/3,B,Dilutions,5,2Objects_NOR_2,1,3.6,0.4186046512,91.7,1.3,2.2,0.5,0,5,5,0.5813953488,8.7,4.3,0.7,2,0,21,56.1,2.008,0.9,0.022,34.4,56.9,39.5,36.1,8,9.3,0.375,91.5,0.051,5.1,2.2,0,2,2.9,,0,1,3.6,,0,,,2.383,36.1
52,190715_2,APOE3/3M,M,APOE3/3,B,Dilutions,5,2Objects_NOR_2,2,4.2,0.4615384615,50.2,1.9,2.3,3.4,0,7,4.9,0.5384615385,76.2,4.9,0,1.9,0,6,98.5,2.746,2.9,0.026,60.1,45.1,63.1,32.8,7,6.8,0.265,0,0.09,3,0,0,0,0,,0,2,1.2,2.1,0,,,3.011,32.8
53,190715_3,APOE3/3M,M,APOE3/3,B,Dilutions,5,2Objects_NOR_2,3,5.6,0.4869565217,18,2.5,3.2,1.7,0,4,5.9,0.5130434783,0,5.9,0,2.9,0,18,81.1,0.931,1.6,0.01,26.9,66.6,27.1,27.1,5,4.4,0,0,0,0.2,0,0,0,0,,0,0,0,,0,,,0.931,27.1
54,190715_4,HNf,F,HN,C,Dilutions,5,2Objects_NOR_2,4,6.7,0.475177305,1.8,4,2.7,2.9,1,4,7.4,0.524822695,24.1,5.9,1.5,6.7,1.1,9,81.5,2.107,4,0.024,36.7,50.3,51.8,27.2,5,27.6,0.63,0,0.03,15.1,6.1,1.7,2,1.4,,0,1,1.6,,0,,,2.737,28.9
55,190715_5,APOE2/2M,M,APOE2/2,A,Dilutions,5,2Objects_NOR_2,0,0,,,0,0,0,0,0,0,,,0,0,0,0,10,105.4,0.755,6.4,0.007,16.9,93.2,16.9,80.8,1,0.4,0,,,0,0,0,0,0,,0,0,0,,0,,,0.755,80.8
56,190715_6,APOE2/2M,M,APOE2/2,A,Dilutions,5,2Objects_NOR_2,6,4.9,0.8909090909,0.1,4.9,0,2.5,0,1,0.6,0.1090909091,3.5,0.6,0,0.6,0,10,102.2,3.38,4.7,0.033,49.5,53.2,53.9,29.6,4,6.9,0.08,0,0.018,4.4,0,0,1,0.7,,0,0,0,,0,,,3.46,29.6
57,190715_7,APOE2/2F,F,APOE2/2,D,Dilutions,5,2Objects_NOR_2,4,10.5,0.5965909091,47.8,5.4,5,2.2,0,4,7.1,0.4034090909,63.2,3.9,3.2,1.8,0,12,72.7,1.371,2.5,0.02,20.3,47.8,27.5,32.2,15,16.2,0.512,0,0.071,7.2,0,0,3,5.2,102.6,0,4,3.5,51.3,0,,,1.883,32.2
58,190715_8,APOE2/2F,F,APOE2/2,D,Dilutions,5,2Objects_NOR_2,2,3.9,0.3170731707,0.8,3.9,0,3,0,3,8.4,0.6829268293,2.5,4.4,4,2.1,0,10,94.8,2.659,9.6,0.028,40.9,53.2,49.4,36.5,3,14.5,0.529,0,0.042,8.5,4,0,3,0.5,,0,2,2.4,,0,,,3.188,36.5
59,190715_9,APOE2/2M,M,APOE2/2,A,Dilutions,5,2Objects_NOR_2,3,3.1,1,1.2,1.5,1.6,1.1,0,0,0,0,,0,0,0,0,5,101.9,0.831,5.4,0.007,15.9,97.3,17.7,78.3,2,3.3,0.072,0,0.018,1.8,2.3,0,0,0,,0,0,0,,0,,,0.903,78.3
60,190715_10,APOE2/2M,M,APOE2/2,A,Dilutions,5,2Objects_NOR_2,3,3.6,0.7826086957,1.4,0.8,2.8,0.9,0,2,1,0.2173913043,0.5,1,0,0.3,0,10,91.3,2.143,2.9,0.021,46.3,53.9,48.8,20.3,5,5.5,0.129,0,0.053,2.5,0,0,0,0,,0,1,5.7,12.7,0.1,,,2.272,20.3
61,190715_2,APOE3/3M,M,APOE3/3,B,Day2_IdenticalObject,1,2Objects_NOR_2,4,5.9,0.3710691824,37.6,5.9,0,1.9,0,7,10,0.6289308176,61.1,10,0,1.8,0,11,64.6,7.116,0,0.085,74.7,8.6,96.1,8.7,8,17.7,1.521,2.7,0.071,21.4,0,0,4,4.3,11.9,0.7,2,4.4,3.4,0,,,8.637,8.7
62,190715_1,APOE3/3M,M,APOE3/3,B,Day2_IdenticalObject,1,2Objects_NOR,5,3.2,0.7804878049,1.7,3.2,0,0.9,0,3,0.9,0.2195121951,11,0.9,0,0.5,0,18,77.4,2.719,2.4,0.036,33.1,42.2,48.1,16,14,15.4,1.467,0,0.098,15,0,0,3,1.4,75.9,0,6,13,10.7,0.1,13.1,12.2,4.186,16
63,190715_4,HNf,F,HN,C,Day2_IdenticalObject,1,2Objects_NOR_2,3,4.8,0.3582089552,29.5,4.8,0,2.1,0,5,8.6,0.6417910448,43.6,6.4,2.2,4.5,0,16,87.7,4.211,0,0.046,64.4,27.1,69.4,14.3,8,11,0.509,29.1,0.071,5,2.2,0,3,1.5,31.7,0,2,1.1,28.9,0,,,4.72,14.3
64,190715_3,APOE3/3M,M,APOE3/3,B,Day2_IdenticalObject,1,2Objects_NOR,3,10.1,0.7769230769,39.5,3.4,6.6,2.8,0,5,2.9,0.2230769231,1,2.9,0,0.8,0,13,76.4,2.3,3.3,0.032,60.4,10.7,73.8,6.2,12,16.2,0.906,0,0.049,13.4,5.1,1,3,1.7,0.5,0,3,8.5,30.2,0,16.3,17.2,3.206,7.2
65,190715_6,APOE2/2M,M,APOE2/2,A,Day2_IdenticalObject,1,2Objects_NOR_2,2,5.3,0.6235294118,32.1,2,3.3,1.4,0,3,3.2,0.3764705882,17.1,3.2,0,2.3,0,13,94.9,4.464,0,0.045,50.7,48.8,55.6,27.6,6,11.3,0.955,18.9,0.116,4.9,3.3,0,4,2,19.6,0,4,1.4,25,0,,,5.419,27.6
66,190715_5,APOE2/2M,M,APOE2/2,A,Day2_IdenticalObject,1,2Objects_NOR,6,14,0.5809128631,26.3,8.4,5.7,4,0,6,10.1,0.4190871369,36.7,7.3,2.8,3.2,0,19,70.2,1.967,0,0.033,35.4,24.7,47.1,2.9,13,22.2,0.818,25.6,0.057,11.7,2.6,0,2,1.8,24.8,0,3,2.8,28.5,0,14,13.4,2.785,2.9
67,190715_2,APOE3/3M,M,APOE3/3,B,Day2_IdenticalObject,2,2Objects_NOR_2,9,7.8,0.7090909091,51.4,6,1.9,1.3,0,7,3.2,0.2909090909,85.2,3.2,0,1,0,8,92,4.037,0,0.042,54.2,42.3,64.7,24,10,12.3,0.834,89.5,0.079,10.5,0,0,1,0.2,,0,1,0.8,104,0,,,4.871,24
68,190715_1,APOE3/3M,M,APOE3/3,B,Day2_IdenticalObject,2,2Objects_NOR,9,10.7,0.9224137931,5.4,9.1,1.6,4.2,0,2,0.9,0.0775862069,63.7,0.8,0,0.8,0,19,75.3,2.43,1,0.033,43.7,30.8,51.6,12.4,12,16.1,0.615,4.9,0.078,7.9,0,0,3,1,0,0,3,1.7,19.5,0,17.7,18,3.045,12.4
69,190715_4,HNf,F,HN,C,Day2_IdenticalObject,2,2Objects_NOR_2,3,7.7,0.6260162602,71.3,6.9,0.8,0.3,0,2,4.6,0.3739837398,0,4.6,0,1.5,0,16,82.5,2.19,1.1,0.022,40,58.1,40.4,36.8,7,9.2,0,85.5,0,0.4,0,0,5,1.7,,0,1,0.7,61.6,0,,,2.19,36.8
70,190715_3,APOE3/3M,M,APOE3/3,B,Day2_IdenticalObject,2,2Objects_NOR,6,9.3,0.40969163,9.1,5.8,3.5,1.3,0,9,13.4,0.59030837,1.7,11,2.4,1.7,0,17,58.3,1.61,5,0.029,38.1,16.9,63.5,0,13,25.6,1.1,0,0.043,25.4,0,0,6,4,1.4,0,6,1.5,4.2,0,8.8,10.2,2.71,0
71,190715_6,APOE2/2M,M,APOE2/2,A,Day2_IdenticalObject,2,2Objects_NOR_2,9,10.2,0.641509434,64.8,1.6,8.6,3.3,1.4,3,5.7,0.358490566,0,3.2,2.5,2.6,0,15,75,3.396,2.3,0.035,57.4,39.1,61.8,26.6,8,9.4,0.301,0,0.046,4.4,2.2,0,0,0,,0,0,0,64.2,0,,,3.697,26.6
72,190715_5,APOE2/2M,M,APOE2/2,A,Day2_IdenticalObject,2,2Objects_NOR,4,5.9,0.4275362319,23.3,3.9,2,1.7,0,4,7.9,0.5724637681,46.7,1.6,6.2,4.4,0,17,70.5,1.504,0,0.022,36.4,31.6,44.5,0,10,10.4,0.689,22.7,0.085,8.1,0,0,3,1.7,59,0,5,6.9,22.8,0,18.7,15.4,2.193,0
73,190715_2,APOE3/3M,M,APOE3/3,B,Day2_IdenticalObject,3,2Objects_NOR_2,10,11.1,0.5873015873,20.7,6.8,4.3,4.8,0,5,7.8,0.4126984127,66.7,5.4,2.4,2.2,0,15,79.5,4.345,0,0.053,65.3,17.1,82.6,4.1,12,18,1.65,10.4,0.075,17.3,4.6,0,5,4.3,77.9,0,4,1.9,11,0.1,,,5.995,4.1
74,190715_1,APOE3/3M,M,APOE3/3,B,Day2_IdenticalObject,3,2Objects_NOR,5,8.1,0.6377952756,11.7,5.4,2.7,2.8,0,2,4.6,0.3622047244,71.1,4.6,0,1.6,0,14,72.8,1.873,0,0.026,27.3,45.1,36.8,10.7,15,16.7,0.56,13,0.059,9.5,0,0,3,2.4,13.2,0,3,4.6,33.2,0,12.3,12.3,2.433,10.7
75,190715_4,HNf,F,HN,C,Day2_IdenticalObject,3,2Objects_NOR_2,6,16.4,0.70995671,29.2,13.8,2.5,5.9,0,6,6.7,0.29004329,8.8,3.2,3.6,1,0,17,70.8,2.385,0.2,0.03,47.7,31.4,57.9,16.2,12,19.6,0.888,33.5,0.064,10.2,3.6,0,4,1.4,38.8,0,0,0,,0,,,3.273,16.2
76,190715_3,APOE3/3M,M,APOE3/3,B,Day2_IdenticalObject,3,2Objects_NOR,5,5.8,0.3766233766,8.2,4.6,1.2,2.3,0,4,9.6,0.6233766234,27.8,3.5,6,3.8,0,15,81.9,1.804,0.8,0.021,33.3,52.5,42.7,23.2,9,17.3,0.507,25.8,0.029,9.4,8.2,0,2,0.3,42.7,0,3,2.9,35.8,0,14.5,17.5,2.311,23.2
77,190715_6,APOE2/2M,M,APOE2/2,A,Day2_IdenticalObject,3,2Objects_NOR_2,2,2.6,0.2300884956,29.5,2.6,0,0.9,0,7,8.7,0.7699115044,28.2,6.5,2.2,3.8,0,14,94.8,4.5,1.4,0.047,58.3,37.8,67.5,8,7,9,0.788,0,0.086,9.2,0,0,1,0.3,1,0,2,2,34.4,0.2,,,5.288,8
78,190715_5,APOE2/2M,M,APOE2/2,A,Day2_IdenticalObject,3,2Objects_NOR,7,5.1,0.3017751479,37.3,5.1,0,1.6,0,5,11.8,0.6982248521,23.5,8.1,3.7,3.5,0,23,81,2.603,0.7,0.035,41.4,32.8,52.2,11,11,14.2,0.871,25.9,0.078,10.8,0.3,0,2,0.4,37.1,0,2,1.4,72,0,12.1,9.4,3.474,11
79,190715_2,APOE3/3M,M,APOE3/3,B,Day2_ShortTermMemory,4,2Objects_NOR_2,3,2.5,0.390625,44.9,2.5,0,2.1,0,6,3.9,0.609375,27.9,3.9,0,1.7,0,27,94.8,3.197,3.4,0.033,46.8,49.9,50.6,32.4,6,5.3,0.442,0,0.116,3.8,0,0,0,0,,0,2,0.8,1.1,0,,,3.639,32.4
80,190715_1,APOE3/3M,M,APOE3/3,B,Day2_ShortTermMemory,4,2Objects_NOR,8,12.2,0.4674329502,4.8,4.6,7.6,4.1,0,5,13.9,0.5325670498,9.3,6.2,7.8,5.6,1.3,17,61.1,3.237,3.3,0.048,46,20.9,59.2,7.2,15,15.7,1.207,0,0.091,13.2,0,0,5,3.8,2.6,0,1,1.1,112.5,0,20.1,19.9,4.444,7.2
81,190715_4,HNf,F,HN,C,Day2_ShortTermMemory,4,2Objects_NOR_2,4,4.7,0.2781065089,27,4.7,0,1.5,0,7,12.2,0.7218934911,4.1,8.8,3.4,3.4,0,14,83.7,1.616,0,0.019,37.8,46.7,49.1,20.9,7,13,0.972,9.7,0.086,11.3,0,0,2,1.5,26.4,0,4,3,9.5,0,,,2.588,20.9
82,190715_3,APOE3/3M,M,APOE3/3,B,Day2_ShortTermMemory,4,2Objects_NOR,1,3.9,0.6393442623,43.5,3.9,0,1,0,1,2.2,0.3606557377,48.4,2.2,0,1.3,0,20,86.4,2.088,1.3,0.021,34.3,66.8,38.5,45,4,6.4,0.218,0,0.052,4.2,0,0,1,0.1,,0,1,2.4,0,0,50.7,40.1,2.306,45
83,190715_6,APOE2/2M,M,APOE2/2,A,Day2_ShortTermMemory,4,2Objects_NOR_2,4,4.8,0.6315789474,0.7,3.4,1.3,2.3,0,1,2.8,0.3684210526,64.4,2.8,0,1.8,0,7,100.2,3.839,1.5,0.038,57.7,42.5,58.9,26.4,4,4.4,0.261,0,0.212,1.2,0,0,0,0,,0,4,4.1,114.4,0,,,4.1,26.4
84,190715_5,APOE2/2M,M,APOE2/2,A,Day2_ShortTermMemory,4,2Objects_NOR,4,12.2,0.7176470588,73,9.4,2.7,3.5,0,7,4.8,0.2823529412,68.1,4.8,0,0,0,14,53.8,1.886,0,0.028,36.6,30,61.1,12.6,8,21.6,1.21,60.2,0.044,24.5,2.7,0,5,2.2,60,0,5,5.7,76.5,0,23.8,9.4,3.096,12.6
85,190715_7,APOE2/2F,F,APOE2/2,D,Day2_IdenticalObject,1,2Objects_NOR,9,15.2,0.3907455013,8.5,11.8,3.4,2.4,0,13,23.7,0.6092544987,1.7,15.4,8.3,8.8,0,14,50.8,1.812,2.5,0.041,35.7,8.8,67.1,1.7,24,48.5,2.301,0.7,0.055,31.4,10.7,0,5,2.2,0.7,0,9,5.1,7.7,0,10.8,17.1,4.113,1.7
86,190715_8,APOE2/2F,F,APOE2/2,D,Day2_IdenticalObject,1,2Objects_NOR_2,8,6.8,0.4071856287,16.5,6.8,0,3,0,9,9.9,0.5928143713,27.2,9.2,0.7,3.7,0,21,74.3,4.232,0,0.058,50.8,22.2,70.1,0,14,21,2.231,16.3,0.102,19.3,2.6,0,3,1.2,17.8,0,9,2.3,3.1,0,,,6.463,0
87,190715_9,APOE2/2M,M,APOE2/2,A,Day2_IdenticalObject,1,2Objects_NOR,9,17.2,0.6515151515,3.5,9.1,8.1,7.6,0,5,9.2,0.3484848485,19.6,6.9,2.3,4.9,0,15,76.7,2.989,0.6,0.037,42,38.1,53.4,3,13,20.9,0.752,19.1,0.055,11.4,2.3,0,3,1.4,77.1,0,2,0.6,10.1,0,15.8,19.8,3.741,3
88,190715_10,APOE2/2M,M,APOE2/2,A,Day2_IdenticalObject,1,2Objects_NOR_2,4,3.4,0.1827956989,19,3.4,0,2.4,0,10,15.2,0.8172043011,6.1,9.7,5.5,4.1,0,20,83,4.559,0,0.065,52.1,18.3,65.8,3.4,10,18,1.504,11.5,0.09,13.7,3,0,2,0.3,11.2,0.1,8,1.9,4.9,0,,,6.063,3.4
89,190715_7,APOE2/2F,F,APOE2/2,D,Day2_IdenticalObject,2,2Objects_NOR,10,18.4,0.4210526316,14.9,9.3,9.1,5.1,3,16,25.3,0.5789473684,16.7,16,9.3,10.5,1.1,14,43.1,1.592,0.6,0.044,29.4,6.8,62.2,0,20,44.5,1.999,15.5,0.056,32.8,3.2,1.4,0,0,,0,4,1.9,75.3,0,17.8,15.5,3.591,1.4
90,190715_8,APOE2/2F,F,APOE2/2,D,Day2_IdenticalObject,2,2Objects_NOR_2,7,7.7,0.237654321,5.6,3.5,4.2,3.7,0,15,24.7,0.762345679,4.9,16.4,8.3,3.3,1.8,18,59.8,2.414,0.9,0.044,47.5,7.1,63.3,1.9,18,20.6,1.382,0,0.055,15.8,9.4,0,3,0.8,4.7,0,2,0.5,19.8,0,,,3.796,1.9
91,190715_9,APOE2/2M,M,APOE2/2,A,Day2_IdenticalObject,2,2Objects_NOR,4,4.4,0.213592233,77.3,4.4,0,2.1,0,9,16.2,0.786407767,6.4,11.7,4.5,6.4,0,14,68,2.182,0.5,0.032,38.6,30.5,61.9,4.4,12,27.3,1.185,56.1,0.036,23.3,9.4,0,3,0.8,56,0,8,9.2,61.8,0.3,8.4,8.9,3.367,4.4
92,190715_10,APOE2/2M,M,APOE2/2,A,Day2_IdenticalObject,2,2Objects_NOR_2,7,8.2,0.4456521739,3.9,8.2,0,2.3,0,9,10.2,0.5543478261,8.5,10.2,0,7.9,0,18,81,3.64,2.9,0.046,49.8,28.9,58.4,5.5,10,15.5,0.652,0,0.076,8.6,0,0,2,0.8,0,0,2,1.1,1.9,0,,,4.292,5.5
93,190715_7,APOE2/2F,F,APOE2/2,D,Day2_IdenticalObject,3,2Objects_NOR,14,28.3,0.7004950495,19.1,24,4.4,5.8,0,14,12.1,0.2995049505,14.5,12.1,0,4.9,0,18,47,1.483,1.4,0.04,21.5,15.5,50.4,7.6,22,35.1,1.935,0,0.062,28.9,2.2,0,4,1.5,84.9,0,6,2.2,0,0,16.9,15.8,3.418,7.6
94,190715_8,APOE2/2F,F,APOE2/2,D,Day2_IdenticalObject,3,2Objects_NOR_2,4,6.1,0.6161616162,3.8,6,0.1,2.3,0,2,3.8,0.3838383838,75.3,0.9,2.9,0.6,0,10,95.6,2.261,4.8,0.023,33.8,62.7,38.2,45,6,12.5,0.696,0.3,0.066,4.4,6.2,0,2,1.5,2.9,0,1,0.3,,0,,,2.957,45
95,190715_9,APOE2/2M,M,APOE2/2,A,Day2_IdenticalObject,3,2Objects_NOR,4,4.6,0.3172413793,6.8,4.6,0,2.1,0,4,9.9,0.6827586207,101.4,3.5,6.4,2,1.9,22,76.1,1.758,1.6,0.019,31.3,58.9,36.8,18.4,5,5.9,0.443,0,0.081,5.5,0,0,3,1.5,1,0,0,0,,0,29.7,38.4,2.201,18.4
96,190715_10,APOE2/2M,M,APOE2/2,A,Day2_IdenticalObject,3,2Objects_NOR_2,14,14.6,0.6547085202,11.9,9.5,5.1,6.3,0,8,7.7,0.3452914798,8.8,7.6,0.1,1.5,0,20,63.5,2.869,0,0.05,36.5,20.7,53.3,8,20,17.1,1.312,7.8,0.078,16.8,0,0,4,3.3,10.9,0,5,3.3,7.6,0,,,4.181,8
97,190715_8,APOE2/2F,F,APOE2/2,D,Day2_ShortTermMemory,4,2Objects_NOR_2,8,21.4,0.66875,14.1,9.7,11.7,9.8,1,6,10.6,0.33125,4.8,10.6,0,1.5,0,13,71.6,4.429,2.3,0.062,45.5,26.1,58,19.4,18,22.6,0.876,0,0.07,12.5,0,0,1,0.7,0,0,2,0.4,2.5,0,,,5.305,19.4
98,190715_7,APOE2/2F,F,APOE2/2,D,Day2_ShortTermMemory,4,2Objects_NOR,7,18.2,0.6765799257,18.4,17.3,1,2.6,0,7,8.7,0.3234200743,23,6.2,2.5,1.1,0,14,58.8,2.429,0,0.044,36.8,18.9,61.5,9.7,10,45.9,1.166,22.3,0.035,24.7,8.7,0,0,0,101.4,0,3,4.2,80.7,0,12.7,21.8,3.595,9.7
99,190715_10,APOE2/2M,M,APOE2/2,A,Day2_ShortTermMemory,4,2Objects_NOR_2,14,8.9,0.6013513514,0.3,8,0.9,3.6,0,14,5.9,0.3986486486,2.7,3.5,2.4,1.4,0,15,77.4,3.087,4.5,0.041,43,32.1,51.1,11.4,9,9.4,0.89,0,0.11,8.1,0,0,2,1.3,1.5,0,4,2.4,12.2,0,,,3.977,11.4
100,190715_9,APOE2/2M,M,APOE2/2,A,Day2_ShortTermMemory,4,2Objects_NOR,7,10.1,0.6917808219,15.3,6.4,3.7,6,0,3,4.5,0.3082191781,36.7,4.5,0,1.6,0,15,90.8,3.316,1,0.039,43.3,42,49.6,6.5,7,10.9,0.47,0,0.047,6.3,3.7,0,1,1.1,76.1,0,1,0.7,87.8,0,13.7,13.5,3.786,6.5
102,190715_1,APOE3/3M,M,APOE3/3,B,Day3_Novel Object2,1,2Objects_NOR,4,3.8,0.2209302326,21.9,3.8,0,1.4,0,10,13.4,0.7790697674,8.8,8.6,4.7,4.4,0,23,80.9,4.796,0.6,0.055,48.3,38.3,53.8,12.4,11,11,0.493,22.9,0.065,5.5,2.2,0,3,0.8,22.9,0,1,0.5,88.6,0,16,17.3,5.289,12.4
103,190715_2,APOE3/3M,M,APOE3/3,B,Day3_Novel Object2,1,2Objects_NOR_2,1,1.6,0.1904761905,81.3,0,1.6,0.3,0,7,6.8,0.8095238095,66.5,3.7,3.1,1.6,0,14,93.4,2.276,1.2,0.023,39.5,58.8,43.4,36.7,5,9.7,0.323,0,0.083,3.9,0,0,1,0.8,69.8,0.3,2,0.7,83.9,0,,,2.599,36.7
104,190715_3,APOE3/3M,M,APOE3/3,B,Day3_Novel Object2,1,2Objects_NOR,3,3.3,0.4714285714,8.1,3.3,0,0.9,0,3,3.7,0.5285714286,0.8,0.8,2.8,1.6,0,18,101.1,3.041,0.4,0.029,40,63.1,41.1,38.9,4,3.4,0.152,55.4,0.144,1.1,0,0,1,0.3,56.4,0,1,0.3,,0,8.5,13.2,3.193,38.9
105,190715_4,HNf,F,HN,C,Day3_Novel Object2,1,2Objects_NOR_2,4,4.6,0.4509803922,0.8,4.6,0,0.8,0,2,5.6,0.5490196078,69.6,5.6,0,1.6,0,11,98.4,3.601,3,0.036,49.3,50.7,57.3,29.8,8,8.9,0.319,0,0.04,8,0,0,0,0,,0,2,0.9,1.8,0,,,3.92,29.8
106,190715_5,APOE2/2M,M,APOE2/2,A,Day3_Novel Object2,1,2Objects_NOR,3,1.3,0.2096774194,50,1.3,0,0.3,0,5,4.9,0.7903225806,11.6,4.9,0,0.9,0,18,89.2,3.694,0,0.043,45.7,41.1,50.6,6.1,3,4.9,0.353,49.2,0.071,4.9,0,0,2,0.4,68,0,1,0.4,49.2,0,2.8,8.1,4.047,6.1
107,190715_6,APOE2/2M,M,APOE2/2,A,Day3_Novel Object2,1,2Objects_NOR_2,0,0,0,,0,0,0,0,2,2.2,1,53.7,2.2,0,1.6,0,6,115.6,6.116,0,0.052,57.1,61.4,57.1,51,0,0,0,,,0,0,0,0,0,,0,0,0,,0,,,6.116,51
108,190715_7,APOE2/2F,F,APOE2/2,D,Day3_Novel Object2,1,2Objects_NOR,3,4.4,0.3308270677,9.4,4.4,0,0.7,0,11,8.9,0.6691729323,15.6,7.4,1.5,3.3,0,17,81.3,3.068,1.4,0.035,51,36.1,54.6,8.7,11,11.3,0.417,17.1,0.073,3.6,2.1,0,1,0.4,112.3,0,1,0.7,,0,12,15.8,3.485,8.7
109,190715_8,APOE2/2F,F,APOE2/2,D,Day3_Novel Object2,1,2Objects_NOR_2,8,10.1,0.5153061224,13.9,6.6,3.6,5.6,0,5,9.5,0.4846938776,15.3,9.5,0,2.7,0,13,82.2,4.119,2.2,0.05,55.7,26.5,70.2,7.7,13,18.3,1.285,0,0.088,14.5,0,0,0,0,,0,4,1.3,0.8,0,,,5.404,7.7
110,190715_9,APOE2/2M,M,APOE2/2,A,Day3_Novel Object2,1,2Objects_NOR,2,1.1,0.1279069767,16.4,1.1,0,0.6,0,3,7.5,0.8720930233,5,5.1,2.4,4.9,0,8,105.1,3.674,1.8,0.034,43.6,65,44.2,9.8,5,2.4,0.032,0,0.051,0.6,0,0,0,0,,0,1,0.6,0.5,0,11.6,8.2,3.706,9.8
111,190715_10,APOE2/2M,M,APOE2/2,A,Day3_Novel Object2,1,2Objects_NOR_2,5,3.6,0.2647058824,9.8,3.6,0,2.2,0,5,10,0.7352941176,18,10,0,3.3,0,12,90.3,5.922,0.4,0.064,67.6,25,75.8,10.4,7,7.1,0.533,9.9,0.063,8.2,0.3,0,3,1.6,9.2,0,3,0.9,59.4,0,,,6.455,10.4
112,190715_1,APOE3/3M,M,APOE3/3,B,Day5_NovelObject3,1,2Objects_NOR,9,13.1,0.5435684647,3.7,8.5,4.6,2.5,0,11,11,0.4564315353,7.2,9.8,1.2,2.6,0,28,57.4,3.971,0,0.065,48.9,12,64.7,6.7,21,28.2,1.42,13.6,0.076,15.8,2.9,0,5,3.6,75.9,0,4,2.5,13.9,0,13,19.6,5.391,6.7
113,190715_2,APOE3/3M,M,APOE3/3,B,Day5_NovelObject3,1,2Objects_NOR_2,5,4.3,0.5443037975,24.6,4.3,0,1.8,0,4,3.6,0.4556962025,27.3,3.6,0,0.4,0,15,96.2,7.083,1.3,0.074,78.4,17.6,89.6,5.6,5,9.7,0.635,0,0.057,11.2,0,0,0,0,,0,4,2.5,27,0,,,7.718,5.6
114,190715_3,APOE3/3M,M,APOE3/3,B,Day5_NovelObject3,1,2Objects_NOR,6,12,0.621761658,35.2,8.3,3.8,7.7,0,5,7.3,0.378238342,0,4.5,2.9,1.5,0,16,67.8,3.505,1,0.054,53.6,11.9,63.8,2.9,23,23.7,0.974,0,0.095,10.2,0,0,7,4,52.1,0,4,2.6,13.7,0,18.6,19,4.479,2.9
115,190715_4,HNf,F,HN,C,Day5_NovelObject3,1,2Objects_NOR_2,5,4.8,0.3664122137,34.3,4.8,0,2.6,0,3,8.3,0.6335877863,57.1,5.6,2.7,3.6,0,14,93.4,5.387,0.3,0.059,66.4,25.5,71.3,4.3,11,10.2,0.512,9.6,0.067,4.9,2.8,0,3,1.7,9.6,0,3,1,76.3,0,,,5.899,4.3
116,190715_5,APOE2/2M,M,APOE2/2,A,Day5_NovelObject3,1,2Objects_NOR,10,14.1,0.520295203,21.1,11.5,2.6,3.3,0,11,13,0.479704797,22.2,7.8,5.2,3.7,1.1,20,69.3,3.275,0.8,0.051,51.6,12.8,71.4,2.3,17,27.2,1.466,0,0.066,19.8,2.3,0,3,0.9,39.3,0,2,0.4,83.1,0,9.9,8,4.741,2.3
117,190715_6,APOE2/2M,M,APOE2/2,A,Day5_NovelObject3,1,2Objects_NOR_2,2,1.3,0.1780821918,36,1.3,0,0.9,0,7,6,0.8219178082,33.9,6,0,4.2,0,12,97.3,5.197,0,0.052,57.9,41.5,63.2,13.3,7,6.7,0.744,35.5,0.139,5.3,0,0,6,4.9,53.3,0,2,0.7,51.7,0,,,5.941,13.3
118,190715_7,APOE2/2F,F,APOE2/2,D,Day5_NovelObject3,1,2Objects_NOR,7,6.9,0.5476190476,21.5,6.9,0,0.6,0,8,5.7,0.4523809524,27.8,5.7,0,2.3,0,22,85.3,4.803,2.9,0.058,57,25.5,68.7,4,10,13.5,0.878,0,0.075,11.7,0,0,8,3.4,21.2,0,2,0.9,38.1,0,6.8,5.5,5.681,4
119,190715_8,APOE2/2F,F,APOE2/2,D,Day5_NovelObject3,1,2Objects_NOR_2,5,7,0.3783783784,20.3,7,0,2.8,0,8,11.5,0.6216216216,16.8,11.5,0,3.5,0,18,88.7,6.62,1.1,0.075,70.3,17.6,81.9,5,8,15.4,1.358,0,0.117,11.6,0,0,3,0.9,36.4,0,3,1,19.3,0.2,,,7.978,5
120,190715_9,APOE2/2M,M,APOE2/2,A,Day5_NovelObject3,1,2Objects_NOR,7,13.7,0.4551495017,13,6.4,7.4,6,0,8,16.4,0.5448504983,3.1,11.4,5,8.2,1.3,15,68.3,3.809,0.7,0.051,46.4,27.6,63.5,4.6,14,27.9,0.948,40.2,0.055,17.1,0,0,2,0.7,80.1,0,4,4.6,40.1,0,20.1,22.1,4.757,4.6
121,190715_10,APOE2/2M,M,APOE2/2,A,Day5_NovelObject3,1,2Objects_NOR_2,7,7.4,0.5285714286,41,7.4,0,2,0,3,6.6,0.4714285714,46.7,2.7,3.9,1.6,0,10,96.9,8.795,0.4,0.089,74.4,24.4,79.5,5.8,8,11.4,0.761,48.9,0.149,5.1,0,0,2,0.8,57.6,0,1,0.4,56.1,0,,,9.556,5.8
1,190909_1,HN,M,HN,A,openfield,1,2Objects_NOR,20,12.7,0.5720720721,2.2,12.2,0.5,1.4,1.1,11,9.5,0.4279279279,136.8,9.5,0,1,0,189,385.9,17.608,11.2,0.042,287,127.7,330.8,34.7,31,52.6,4.05,0,0.071,43.8,13.6,3.9,11,5.3,45.9,0,13,7,127.7,0,35.6,45.9,21.658,38.6
2,190909_2,APOE3/3M,M,APOE3/3,B,openfield,1,2Objects_NOR_2,10,5.7,0.3114754098,19.6,5.7,0,0.2,0,19,12.6,0.6885245902,71.8,9.9,2.7,1.9,0,64,417,10.725,5.5,0.026,215.7,193.6,280.6,98.8,38,62.5,4.891,15.8,0.07,64.9,5.3,1.7,14,10.4,29.5,0.4,17,13.1,13.5,0,,,15.616,100.5
3,190909_3,APOE3/3F,F,APOE3/3,C,openfield,1,2Objects_NOR,18,8.9,0.2966666667,0.1,7.8,1.2,2,0.4,26,21.1,0.7033333333,0.9,13.6,7.5,4,1.2,179,333.5,14.894,3.1,0.043,257.4,85.7,303,21.1,59,81.7,5.264,0,0.077,45.6,23,9.7,18,17.4,22,0.1,28,22.2,5.6,0,60.5,49.3,20.158,30.8
4,190909_4,APOE3/3F,F,APOE3/3,C,openfield,1,2Objects_NOR_2,18,5.1,0.2198275862,96.9,4.7,0.4,1,1,12,18.1,0.7801724138,73.3,7.2,11,6.9,6.5,64,382.5,15.548,0,0.04,252.4,136.8,303.7,58.1,35,95.9,4.451,14.8,0.051,51.3,35.3,18.5,22,25.7,78.3,0.3,25,17.5,14.7,0,,,19.999,76.6
5,190909_8,APOE3/3M,M,APOE3/3,B,openfield,1,2Objects_NOR,25,25.1,0.6136919315,3.1,21.3,3.8,5.7,3.7,21,15.8,0.3863080685,27.9,10.5,5.3,7.6,4.4,180,298,11.268,20.6,0.033,233.3,104.4,298.5,41.4,51,78.7,4.489,0,0.066,65.2,2.5,5,17,10.6,35.1,0,15,12.6,30.8,0,71.4,66.8,15.757,46.4
6,190909_9,APOE3/3F,F,APOE3/3,C,openfield,1,2Objects_NOR_2,16,8.3,0.3167938931,8.6,7.4,0.9,2.3,0,16,17.9,0.6832061069,12.4,9.1,8.8,6.5,3.9,78,416.1,7.458,0.8,0.018,155.9,261.4,185.2,133.9,31,35.6,3.116,3,0.097,29.3,2.7,1.7,27,25.1,5.1,0,12,27.2,2.8,0.1,,,10.574,135.6
7,190909_1,HN,M,HN,A,Dilutions,1,2Objects_NOR,0,0,,,0,0,0,0,0,0,,,0,0,0,0,15,99.9,1.44,0,0.012,20.6,99.3,20.6,74.6,0,0,0,,,0,0,0,0,0,,0,0,0,,0,19.2,15.6,1.44,74.6
8,190909_2,APOE3/3M,M,APOE3/3,B,Dilutions,1,2Objects_NOR_2,1,0.7,0.7777777778,11.5,0.7,0,0.7,0,1,0.2,0.2222222222,17.1,0.2,0,0.2,0,6,115,2.313,0.3,0.019,31.3,88.4,31.3,89.3,0,0,0,,,0,0,0,1,0.5,,0,2,1.8,,0,,,2.313,89.3
9,190909_3,APOE3/3F,F,APOE3/3,C,Dilutions,1,2Objects_NOR,10,15.6,0.7959183673,7.9,14,1.6,3.3,0,6,4,0.2040816327,3.1,4,0,1.6,0,34,41.9,4.94,0,0.1,45.3,4.3,82.6,0,21,36.6,1.938,2.1,0.052,37.3,0,0,8,9.4,68.4,0,7,11.2,87.7,1.3,16,9.7,6.878,0
10,190909_4,APOE3/3F,F,APOE3/3,C,Dilutions,1,2Objects_NOR_2,6,10.4,0.5416666667,24.3,7.3,3.1,2.8,0,6,8.8,0.4583333333,0,8.8,0,3,0,22,64.4,7.53,2.8,0.11,62.9,5.5,84.8,2.6,14,28.3,1.462,0,0.067,21.9,0,0,9,14.3,56.7,0.2,4,3.7,,0,,,8.992,2.6
11,190909_8,APOE3/3M,M,APOE3/3,B,Dilutions,1,2Objects_NOR,2,2.9,0.3580246914,34.6,2.9,0,2.7,0,4,5.2,0.6419753086,8.3,1.3,3.8,2.8,0,36,62.5,3.723,0,0.038,69.5,28.4,73.9,9.5,7,10.6,0.213,114,0.049,4.4,0,0,5,3.9,,0,4,3.3,,0,13.4,17.3,3.936,9.5
12,190909_9,APOE3/3F,F,APOE3/3,C,Dilutions,1,2Objects_NOR_2,8,9.1,0.5481927711,11.7,9.1,0,4.1,0,7,7.5,0.4518072289,3.1,5.1,2.4,2.4,0,14,68,3.72,5.5,0.052,44.1,27.8,65.1,21.8,13,29.8,1.475,0,0.069,21,0.4,0,6,6.1,,0,7,11.3,70.6,0.8,,,5.195,21.8
14,190909_2,APOE3/3M,M,APOE3/3,B,Dilutions,2,2Objects_NOR_2,2,6.8,0.8,19.2,4.5,2.3,2.6,0,3,1.7,0.2,37,1.7,0,1.2,0,16,84.9,5.333,0.2,0.06,62.2,27.1,71.9,13.5,7,14.7,0.481,17.8,0.037,9.7,3.1,0,4,3.3,,0,5,11.8,26,0,,,5.814,13.5
15,190909_1,HN,M,HN,A,Dilutions,2,2Objects_NOR,3,1.5,0.2380952381,0.6,1.5,0,0.9,0,6,4.8,0.7619047619,40.4,4.8,0,2.4,0,31,61.2,4.628,1.3,0.053,63.3,24.3,74.9,9,10,14.5,0.551,32.3,0.047,11.6,0,0,7,4.1,,0,3,5.6,,0,12.7,6.6,5.179,9
16,190909_3,APOE3/3F,F,APOE3/3,C,Dilutions,2,2Objects_NOR,7,11.7,0.7748344371,2,11.7,0,1.6,0,3,3.4,0.2251655629,23.9,3.4,0,1.2,0,38,55.3,3.073,3.2,0.05,48.5,12.7,61,6.9,16,15.1,1.004,0,0.08,12.5,0,0,6,9.5,41.1,0,7,12.4,12.9,0,15.2,12.6,4.077,6.9
17,190909_4,APOE3/3F,F,APOE3/3,C,Dilutions,2,2Objects_NOR_2,2,1.4,0.1555555556,48.1,1.4,0,0.7,0,6,7.6,0.8444444444,0.5,7.6,0,2.6,0,16,86.4,3.655,1.6,0.04,53.3,37.2,66.2,26.8,8,12.3,0.584,0,0.045,12.9,0,0,2,3,17.8,0,8,7.4,,0,,,4.239,26.8
18,190909_8,APOE3/3M,M,APOE3/3,B,Dilutions,2,2Objects_NOR,1,1,1,5.5,1,0,0,0,0,0,0,,0,0,0,0,4,11.8,0.565,0,0.005,114,0,118.3,95.1,1,0.1,0.191,0.9,0.044,4.3,0,0,0,0,,0,0,0,,0,0,0,0.756,95.1
19,190909_9,APOE3/3F,F,APOE3/3,C,Dilutions,2,2Objects_NOR_2,0,0,0,,0,0,0,0,1,1.2,1,70.2,1.2,0,0.4,0,4,115.4,1.825,1.4,0.016,33.6,82.4,34.8,78.4,1,0.9,0.073,0,0.06,1.2,0,0,1,0.8,,0,2,1,,0,,,1.898,78.4
20,190909_1,HN,M,HN,A,Dilutions,3,2Objects_NOR,5,2,0.5405405405,3,2,0,0.6,0,3,1.7,0.4594594595,0.8,1.7,0,0.1,0,23,86.9,2.938,0.4,0.032,46.9,46,62.9,33.8,4,14.4,1.112,0,0.069,16,0,0,6,2.5,,0,4,2,,0,12.7,10.8,4.05,33.8
21,190909_2,APOE3/3M,M,APOE3/3,B,Dilutions,3,2Objects_NOR_2,5,5,0.5813953488,31.6,5,0,0.9,0,4,3.6,0.4186046512,12.9,3.6,0,0.4,0,14,85,2.452,0.2,0.029,48.3,37.6,61.4,20.4,6,18.3,0.58,63.2,0.034,13.1,3.7,0,3,4.6,65.8,0,6,6.9,72.3,0,,,3.032,20.4
22,190909_4,APOE3/3F,F,APOE3/3,C,Dilutions,3,2Objects_NOR_2,1,0.9,0.0918367347,109.4,0.9,0,0.9,0,2,8.9,0.9081632653,5.2,2.6,6.3,1.9,0,17,93.2,3.457,1.8,0.032,45.7,61,46.6,43.3,4,6.5,0.037,0,0.015,0.9,1.6,0,1,0.7,,0,3,2.2,,0,,,3.494,43.3
23,190909_3,APOE3/3F,F,APOE3/3,C,Dilutions,3,2Objects_NOR,3,1.9,0.5428571429,26.2,1.9,0,0.2,0,2,1.6,0.4571428571,52.7,1.6,0,0.5,0,33,58.1,3.801,0,0.041,50,42.1,54,35.4,5,10.8,0.69,11.7,0.172,4,0,0,6,15.4,9.8,0,3,1,,0,20.7,41.5,4.491,35.4
24,190909_8,APOE3/3M,M,APOE3/3,B,Dilutions,3,2Objects_NOR,0,0,0,,0,0,0,0,1,0.8,1,4,0.8,0,0.4,0,11,109,0.619,0,0.005,15.4,97.3,20.6,96.2,2,5.2,0.175,0.5,0.034,5.2,0,0,3,1.5,95.2,0,1,2.1,,0,8.2,35,0.794,96.2
25,190909_9,APOE3/3F,F,APOE3/3,C,Dilutions,3,2Objects_NOR_2,1,0.7,0.3888888889,11.4,0.7,0,0.2,0,1,1.1,0.6111111111,9.4,1.1,0,0.3,0,6,112.3,0.912,1.8,0.008,17,97.5,20.7,77.5,2,4.5,0.221,0,0.06,3.7,0,0,0,0,,0,0,0,,0,,,1.133,77.5
26,190909_1,HN,M,HN,A,Dilutions,4,2Objects_NOR,0,0,,,0,0,0,0,0,0,,,0,0,0,0,1,0.1,0.271,0,1.122,0.2,0,113.8,0,0,0,0,6.4,0,113.6,0,95.3,0,0,,0,0,0,,0,0,0,0.271,95.3
27,190909_2,APOE3/3M,M,APOE3/3,B,Dilutions,4,2Objects_NOR_2,3,2.8,0.8484848485,99.9,2.8,0,1.6,0,1,0.5,0.1515151515,97.9,0.5,0,0.3,0,11,101.1,2.31,0,0.021,42.4,65.9,43.6,41.5,3,2,0,118.8,0,1.2,0,0,1,2,,0,1,2.7,,0,,,2.31,41.5
28,190909_3,APOE3/3F,F,APOE3/3,C,Dilutions,4,2Objects_NOR,1,2.8,1,108,0.1,2.7,1.3,0,0,0,0,,0,0,0,0,22,96.5,2.445,0,0.022,35.5,75.3,35.5,59.2,1,1.6,0,,,0,0,0,2,1.2,100.2,0,0,0,,0,49.1,50.7,2.445,59.2
29,190909_4,APOE3/3F,F,APOE3/3,C,Dilutions,4,2Objects_NOR_2,0,0,0,,0,0,0,0,2,2.1,1,15.5,2.1,0,0.8,0,10,96.1,2.688,0,0.024,35.2,77.2,36.6,60.9,2,2.8,0.179,15.8,0.132,1.4,0,0,2,0.4,,0,1,0.2,,0,,,2.867,60.9
30,190909_8,APOE3/3M,M,APOE3/3,B,Dilutions,4,2Objects_NOR,2,2.7,0.75,2.1,0.7,2,1.3,0,1,0.9,0.25,0,0.9,0,0.4,0,23,74.2,1.149,10.7,0.011,28.9,76.1,32.8,64.5,5,4.5,0.227,0,0.027,3.9,4.7,0,3,1.8,,0,3,1.7,,0,23.4,19.3,1.376,64.5
31,190909_9,APOE3/3F,F,APOE3/3,C,Dilutions,4,2Objects_NOR_2,3,2.8,0.6363636364,55.9,2.8,0,1.2,0,1,1.6,0.3636363636,73.1,1.6,0,0.9,0,6,106.2,1.242,0,0.012,21.9,83.5,23.5,80.9,4,3.7,0.165,113.7,0.105,1.6,0,0,2,4.2,,0,1,0.7,,0,,,1.407,80.9
32,190909_1,HN,M,HN,A,Dilutions,5,2Objects_NOR,1,2.9,0.4915254237,117.1,0.5,2.5,0.8,0,7,3,0.5084745763,1.4,3,0,1.2,0,13,78.8,1.931,4.2,0.02,27.2,70.7,32.9,55.1,8,9.3,0.532,0,0.065,5.7,2.5,0,6,5.9,,0,2,3.6,,0,18.9,22.3,2.463,55.1
33,190909_2,APOE3/3M,M,APOE3/3,B,Dilutions,5,2Objects_NOR_2,1,2.1,1,2.4,2.1,0,0.3,1.9,0,0,0,,0,0,0,0,2,116.3,0.832,0,0.007,14,102.2,14,89.9,1,0.4,0,,,0,0,0,1,0.5,,0,0,0,,0,,,0.832,89.9
34,190909_4,APOE3/3F,F,APOE3/3,C,Dilutions,5,2Objects_NOR_2,2,8.7,0.5918367347,82.3,4.1,4.5,3.8,0,3,6,0.4081632653,0,6,0,1.1,0,10,82.3,2.251,1.4,0.024,42.8,50.8,52.7,38.8,9,15.7,0.582,0,0.059,9.9,0,0,4,5,94.7,0,3,4.2,,0,,,2.833,38.8
35,190909_3,APOE3/3F,F,APOE3/3,C,Dilutions,5,2Objects_NOR,2,3.5,1,16.8,1.5,2,1.1,0,0,0,0,,0,0,0,0,23,102.9,0.826,5.4,0.008,19.1,85.4,19.1,75.1,6,2.3,0,,,0,0,0,1,1.2,,0,1,3.2,0.9,0,7,9.9,0.826,75.1
38,190909_8,APOE3/3M,M,APOE3/3,B,Dilutions,5,2Objects_NOR,2,2.7,0.6585365854,9.2,2.7,0,0.6,0,2,1.4,0.3414634146,102.5,1.4,0,0.8,0,16,100.8,1.636,0,0.015,23.6,87.1,25.5,76.3,4,3.8,0.378,0.3,0.197,1.9,0,0,1,1.3,,0,1,0.9,,0,37.2,61.9,2.014,76.3
39,190909_9,APOE3/3F,F,APOE3/3,C,Dilutions,5,2Objects_NOR_2,6,8.3,0.8829787234,0,5.7,2.6,4.2,0,2,1.1,0.1170212766,3.9,1.1,0,0.5,0,17,85.2,0.953,5.1,0.01,17.4,75.9,27.3,55.1,9,12.4,0.292,0,0.029,9.9,0,0,2,1.8,38.6,0,3,6.1,54.7,0,,,1.245,55.1
40,190909_1,HN,M,HN,A,Day2_IdenticalObject,1,2Objects_NOR,7,6.8,0.5862068966,21,5.1,1.7,1.4,1.3,6,4.8,0.4137931034,0.4,4.8,0,2.8,0,28,80,3.897,3.8,0.041,51.9,43,61.4,37.6,6,11.3,0.685,0,0.072,9.5,0,0,0,0,,0,3,2,24.6,0,18.1,18.8,4.582,37.6
41,190909_2,APOE3/3M,M,APOE3/3,B,Day2_IdenticalObject,1,2Objects_NOR_2,2,3.5,1,38.8,3.5,0,1,0.9,0,0,0,,0,0,0,0,13,102.9,1.171,1.8,0.01,11.7,101.9,12.4,95.8,4,1.8,0.071,0,0.108,0.7,0,0,0,0,,0,0,0,,0,,,1.242,95.8
42,190909_4,APOE3/3F,F,APOE3/3,C,Day2_IdenticalObject,1,2Objects_NOR_2,1,1.1,0.44,12.9,1.1,0,0,0,1,1.4,0.56,34.6,1.4,0,0.7,0,15,100.9,2.001,1.1,0.018,34.1,78.7,34.8,77.8,3,1,0.041,0,0.063,0.7,0,0,0,0,,0,1,0.7,11.9,0,,,2.042,77.8
43,190909_3,APOE3/3F,F,APOE3/3,C,Day2_IdenticalObject,1,2Objects_NOR,6,7,0.6796116505,0,7,0,1.5,0,2,3.3,0.3203883495,3.2,3.3,0,1.4,0,30,70.3,1.652,5.7,0.02,33.6,48,43.1,41.9,8,8.8,1.011,2.4,0.106,9.5,0,0,3,1.5,7.1,0,1,0.3,2.3,0,44.2,38.5,2.663,41.9
44,190909_8,APOE3/3M,M,APOE3/3,B,Day2_IdenticalObject,1,2Objects_NOR,1,1,0.625,3.6,1,0,0.1,0,1,0.6,0.375,1.9,0.6,0,0.6,0,51,78,0.512,5.5,0.004,12.3,102.1,16.9,96.9,1,3.8,0.209,0,0.045,4.6,0,0,1,0.8,0.9,0,0,0,,0,0.2,0.3,0.721,96.9
45,190909_9,APOE3/3F,F,APOE3/3,C,Day2_IdenticalObject,1,2Objects_NOR_2,3,2.6,0.3661971831,42.3,2.6,0,2.2,0,3,4.5,0.6338028169,12.1,4.5,0,2.3,0,7,108,2.574,0.6,0.023,37.7,73.9,39.4,61.2,2,1.3,0.211,0,0.126,1.7,0,0,0,0,,0,1,0.2,112.7,0,,,2.785,61.2
46,190909_1,HN,M,HN,A,Day2_IdenticalObject,2,2Objects_NOR,3,1.7,0.3541666667,89.5,1.7,0,1.5,0,2,3.1,0.6458333333,49.2,3.1,0,0.4,0,27,94.6,4.252,1.7,0.039,46.9,62,51.4,51.9,1,3.5,0.317,0,0.071,4.5,0,0,2,0.6,0,0,0,0,,0,3.7,35.2,4.569,51.9
47,190909_2,APOE3/3M,M,APOE3/3,B,Day2_IdenticalObject,2,2Objects_NOR_2,2,6.8,0.5666666667,30.8,6.8,0,1.6,0,4,5.2,0.4333333333,24.5,5.2,0,2,0,28,82.5,2.578,0.5,0.028,42.8,48.4,52,42.7,6,10.1,0.673,30.3,0.073,9.2,0,0,2,1.5,42.3,0,3,5.7,56.8,0,,,3.251,42.7
48,190909_3,APOE3/3F,F,APOE3/3,C,Day2_IdenticalObject,2,2Objects_NOR,1,0.5,0.25,118.5,0.5,0,0,0,2,1.5,0.75,5,1.5,0,0.5,0,22,88.2,2.454,0.7,0.023,38.6,69.6,42.9,61.4,3,3.6,0.508,0,0.118,4.3,0,0,0,0,,0,1,0.4,110.2,0,9.3,7.8,2.962,61.4
49,190909_4,APOE3/3F,F,APOE3/3,C,Day2_IdenticalObject,2,2Objects_NOR_2,2,9.7,0.9150943396,69,6.1,3.7,0.6,0,1,0.9,0.0849056604,42,0.9,0,0.1,0,12,78,1.652,2.5,0.02,29.2,54.4,35.9,45.4,6,9.4,0.243,0,0.025,6.7,3,2.3,3,8,,0,2,2.7,0.5,0,,,1.895,47.7
50,190909_8,APOE3/3M,M,APOE3/3,B,Day2_IdenticalObject,2,2Objects_NOR,6,4.8,1,2.1,4.8,0,3.7,1.1,0,0,0,,0,0,0,0,14,94.8,2.862,0,0.027,33.9,71.7,36.1,63.7,4,1.9,0.112,1.2,0.052,2.2,0,0,1,0.2,,0,0,0,,0,8.7,9.5,2.974,63.7
51,190909_9,APOE3/3F,F,APOE3/3,C,Day2_IdenticalObject,2,2Objects_NOR_2,3,4.1,0.4712643678,57,0.4,3.7,0.9,0,3,4.6,0.5287356322,15.4,4.6,0,2.6,0,8,105.7,1.644,2.6,0.016,25.3,79.3,27,67.7,4,6.1,0.288,0,0.047,1.7,4.4,0,1,0.2,62.3,0,2,0.8,0.2,0,,,1.932,67.7
52,190909_1,HN,M,HN,A,Day2_IdenticalObject,3,2Objects_NOR,4,5.9,0.746835443,67.7,2.9,2.9,2.3,0,3,2,0.253164557,96.6,2,0,0.9,0,37,67.4,4.652,0.4,0.044,71.3,34.8,75.6,30.1,3,4.9,0.416,0,0.097,4.3,0,0,0,0,,0,2,0.6,73.2,0,4.2,4.6,5.068,30.1
53,190909_2,APOE3/3M,M,APOE3/3,B,Day2_IdenticalObject,3,2Objects_NOR_2,3,4.2,0.4285714286,1.8,4.2,0,1.3,0,3,5.6,0.5714285714,0,5.6,0,1.1,0,10,96,2.569,4,0.025,40.2,62.8,49,59.3,7,10.3,0.365,0,0.041,8.8,0,0,1,0.7,3.3,0,1,1.8,63.7,0,,,2.934,59.3
54,190909_3,APOE3/3F,F,APOE3/3,C,Day2_IdenticalObject,3,2Objects_NOR,3,3.8,0.475,77.7,3.8,0,1.9,0,3,4.2,0.525,23.1,4.2,0,1.7,0,26,82.4,2.455,0.2,0.026,39.8,55.3,50.9,48.7,6,10.6,0.804,78.3,0.072,11.1,0,0,0,0,,0,2,1.3,83.3,0,14.5,10.1,3.259,48.7
55,190909_4,APOE3/3F,F,APOE3/3,C,Day2_IdenticalObject,3,2Objects_NOR_2,3,1.2,1,0.9,1.2,0,0.7,0,0,0,0,,0,0,0,0,21,49.8,0.333,6.9,0.003,8.4,104.7,10.8,99.2,2,1.9,0.151,0,0.064,2.4,0,0,0,0,,0,0,0,,0,,,0.484,99.2
56,190909_8,APOE3/3M,M,APOE3/3,B,Day2_IdenticalObject,3,2Objects_NOR,0,0,,,0,0,0,0,0,0,,,0,0,0,0,3,117.2,0.384,1.7,0.003,7.4,110.6,8.5,105,1,0.8,0.069,0,0.062,1.1,0,0,0,0,,0,0,0,,0,0,0,0.453,105
57,190909_9,APOE3/3F,F,APOE3/3,C,Day2_IdenticalObject,3,2Objects_NOR_2,1,0.6,0.6,92.5,0.6,0,0,0,1,0.4,0.4,0,0.4,0,0,0,4,111.8,1.215,1.1,0.01,19.2,97.7,20,87.4,2,0.6,0.083,0,0.108,0.8,0,0,0,0,,0,1,0.4,91.9,0,,,1.298,87.4
58,190909_1,HN,M,HN,A,Day2_ShortTermMemory,4,2Objects_NOR,1,0.2,0.0952380952,107.5,0.2,0,0,0,3,1.9,0.9047619048,23.1,1.9,0,1.4,0,22,103.1,2.822,0,0.024,35.2,83.5,35.2,74.8,1,0.3,0,,,0,0,0,0,0,,0,1,0.3,,0,19.9,15,2.822,74.8
59,190909_2,APOE3/3M,M,APOE3/3,B,Day2_ShortTermMemory,4,2Objects_NOR_2,6,7.2,0.3512195122,40.4,1.9,5.4,3.4,0,8,13.3,0.6487804878,18.3,13.3,0,1.1,0,12,77.3,2.731,2.3,0.033,41.3,40.9,52.6,25.2,13,12.8,0.751,0,0.053,11.3,2.9,0,2,1.2,45.8,0,3,2,1.7,0,,,3.482,25.2
61,190909_3,APOE3/3F,F,APOE3/3,C,Day2_ShortTermMemory,4,2Objects_NOR,0,0,0,,0,0,0,0,2,7.6,1,68.8,7.6,0,1.4,0,13,90.1,2.359,1.5,0.024,35.1,63,37,49.5,5,3.9,0.166,0,0.088,1.9,0,0,1,0.5,85.4,0,1,1.9,74.7,0,32.8,35.9,2.525,49.5
62,190909_4,APOE3/3F,F,APOE3/3,C,Day2_ShortTermMemory,4,2Objects_NOR_2,0,0,0,,0,0,0,0,4,5.8,1,75.8,2.5,3.3,2.2,1,9,95.2,0.609,3.5,0.006,13.5,86.4,17.4,80.3,6,5.2,0.28,0,0.069,3.9,0.1,0,2,4.3,117.2,0,1,0.4,,0,,,0.889,80.3
63,190909_8,APOE3/3M,M,APOE3/3,B,Day2_ShortTermMemory,4,2Objects_NOR,4,4.9,0.3576642336,38.9,4.9,0,3.4,0,9,8.8,0.6423357664,45.3,8.8,0,3.4,0,15,81.3,1.897,0.3,0.023,35,45.9,48.8,43.5,11,10,0.964,38.9,0.07,13.8,0,0,1,0.4,66.5,0,4,2.8,39.3,0.5,5.1,5.5,2.861,43.5
64,190909_9,APOE3/3F,F,APOE3/3,C,Day2_ShortTermMemory,4,2Objects_NOR_2,1,1.2,0.1558441558,0,1.2,0,0,0,4,6.5,0.8441558442,4.5,2.5,4,1.5,1.1,6,83.7,0.665,5.8,0.006,9.4,94.4,12.6,90.3,1,5,0.203,0,0.038,3.2,2.2,0,0,0,,0,1,2.6,,0,,,0.868,90.3
66,190909_2,APOE3/3M,M,APOE3/3,B,Day3_Novel Object2,1,2Objects_NOR_2,9,7.2,0.5496183206,54.3,0.1,7,0.2,5,7,5.9,0.4503816794,0,3.1,2.8,2.5,0,12,80.7,1.996,1.7,0.023,41.4,45.3,51.1,18.5,5,9.3,0.552,0,0.057,9.7,0,0,5,4.7,35.7,0.6,1,0.8,50.4,0.1,,,2.548,18.5
68,190909_3,APOE3/3F,F,APOE3/3,C,Day3_Novel Object2,1,2Objects_NOR,3,2.1,0.2916666667,52.3,2.1,0,1,0,6,5.1,0.7083333333,8.6,5.1,0,1.7,0,26,75.6,3.111,0,0.032,45.2,50.9,45.2,44.1,0,0,0,,,0,0,0,0,0,,0,0,0,,0,40.7,36.5,3.111,44.1
69,190909_4,APOE3/3F,F,APOE3/3,C,Day3_Novel Object2,1,2Objects_NOR_2,1,1.9,0.3958333333,6.5,1.9,0,1.2,0,4,2.9,0.6041666667,9.2,2.9,0,1.2,0,8,109.3,2.879,0.2,0.026,27.7,83.1,29.5,58.4,1,2.6,0.276,8.6,0.152,1.8,0,0,0,0,,0,1,0.2,10.4,0,,,3.155,58.4
70,190909_8,APOE3/3M,M,APOE3/3,B,Day3_Novel Object2,1,2Objects_NOR,0,0,,,0,0,0,0,0,0,,,0,0,0,0,7,111.1,0.953,0,0.008,14.5,104.8,14.5,104.6,0,0,0,,,0,0,0,0,0,,0,0,0,,0,50.2,48.9,0.953,104.6
71,190909_9,APOE3/3F,F,APOE3/3,C,Day3_Novel Object2,1,2Objects_NOR_2,5,11.3,0.6807228916,9.9,11.3,0,1.1,0,2,5.3,0.3192771084,6.3,5.3,0,1,0,4,96.7,2.533,0,0.027,30.8,64.8,43.5,42.3,5,12.4,0.601,9.1,0.047,12.7,0,0,1,0.1,,0,1,0.2,,0,,,3.134,42.3
72,190909_1,HN,M,HN,A,Day3_Novel Object2,1,2Objects_NOR,7,10.8,0.679245283,12.3,6.7,4.1,4,2.6,4,5.1,0.320754717,44.5,5.1,0,1.6,0,25,70.8,3.06,3.6,0.041,46.8,28.6,62.1,18,13,14.6,0.954,0,0.062,15.3,0,0,3,1.7,50.4,0,2,1.5,0.6,0,7.8,10.4,4.014,18
73,190909_1,HN,M,HN,A,Day5_NovelObject3,1,2Objects_NOR,3,5.2,0.4193548387,39.7,5.2,0,1.8,0,2,7.2,0.5806451613,14.1,1,6.2,3.3,0,20,78.8,3.16,2.5,0.033,51.1,43.9,62,34.8,6,12.1,1.012,0,0.093,10.9,0,0,0,0,,0,1,0.7,8.6,0,23.8,15.7,4.172,34.8
74,190909_2,APOE3/3M,M,APOE3/3,B,Day5_NovelObject3,1,2Objects_NOR_2,1,2,0.2380952381,0.6,2,0,1.4,0,8,6.4,0.7619047619,32.3,2.3,4.1,1.1,0,7,97.7,0.741,5.6,0.007,18.1,80.9,25.2,38.2,6,7.7,0.404,0,0.057,7.1,0,0,2,4.7,34.6,0,0,0,,0,,,1.145,38.2
75,190909_3,APOE3/3F,F,APOE3/3,C,Day5_NovelObject3,1,2Objects_NOR,1,2,0.2247191011,92.3,2,0,2,1.5,3,6.9,0.7752808989,27.5,4.4,2.6,3.7,1.5,40,58,2.243,0.8,0.023,30.7,67.2,30.9,48.6,7,2.7,0,0,0,0.2,0,0,0,0,,0,5,1.7,,0,56.4,52.8,2.243,48.6
76,190909_4,APOE3/3F,F,APOE3/3,C,Day5_NovelObject3,1,2Objects_NOR_2,2,3.2,0.4266666667,19.9,3.2,0,0.6,0,3,4.3,0.5733333333,6.1,1.6,2.8,3.1,0,12,101,3.459,0.5,0.034,48.3,54.7,52.3,46.4,3,5.6,0.198,33.6,0.049,4,0,0,0,0,,0,1,0.5,35.6,0,,,3.657,46.4
77,190909_8,APOE3/3M,M,APOE3/3,B,Day5_NovelObject3,1,2Objects_NOR,2,2.6,0.2203389831,71,0.6,2,0,0,6,9.2,0.7796610169,31.1,9.2,0,4,2.1,32,70.5,3.076,2.3,0.032,44.1,50.7,50.9,29.3,8,8.8,0.83,0,0.118,6.8,0.2,0,3,1.1,0,0,2,0.5,1.9,0,12.7,9.7,3.906,29.3
78,190909_9,APOE3/3F,F,APOE3/3,C,Day5_NovelObject3,1,2Objects_NOR_2,2,2.3,0.4509803922,22.7,2.3,0,1.3,0,2,2.8,0.5490196078,30,0.9,1.9,1.8,0,11,107.3,2.841,1.3,0.026,49.8,58.4,51.4,45.8,4,2,0.264,0,0.168,1.6,0,0,0,0,,0,2,1,,0,,,3.105,45.8
80,190909_1,HN,M,HN,A,Day3_repeatNO,1,2Objects_NOR,6,12.6,0.6461538462,34.8,12.6,0,4.8,0,9,6.9,0.3538461538,48,4.6,2.2,1.3,0,33,62.4,4.792,16.5,0.081,50.6,8.3,69.2,4.3,13,16.6,1.724,16.9,0.093,18.6,0,0,1,0.3,17.1,0,4,1.6,34.3,0,14.7,15.4,6.516,4.3
81,190909_2,APOE3/3M,M,APOE3/3,B,Day3_repeatNO,1,2Objects_NOR_2,0,0,0,,0,0,0,0,2,2.6,1,0,2.6,0,0.9,2,11,102.1,1.535,1.1,0.014,35.3,74.4,36.9,63.2,3,1.1,0.164,0,0.105,1.6,0,0,2,2.2,89.9,0,0,0,,0,,,1.699,63.2
82,190909_3,APOE3/3F,F,APOE3/3,C,Day3_repeatNO,1,2Objects_NOR,1,3.2,0.5614035088,84.2,0.9,2.4,0,0,1,2.5,0.4385964912,45.3,2.5,0,0.6,0,19,66.9,1.735,2.7,0.017,14.3,85.6,24.2,74.9,3,10.1,0.979,0,0.08,9.9,2.4,0,1,0.8,44.3,0.1,1,0.1,43.7,0.1,23.8,20.3,2.714,74.9
83,190909_4,APOE3/3F,F,APOE3/3,C,Day3_repeatNO,1,2Objects_NOR_2,0,0,0,,0,0,0,0,5,21.5,1,21.9,9.3,12.2,6.3,6.3,19,46.2,0.52,8.4,0.008,14.7,52.3,21.1,45.8,8,19.2,0.264,0,0.019,6.4,7.7,1.4,4,3.9,7.1,0,0,0,,0,,,0.784,47.2
84,190909_8,APOE3/3M,M,APOE3/3,B,Day3_repeatNO,1,2Objects_NOR,1,4.5,0.8181818182,69.1,2.1,2.5,2,0,1,1,0.1818181818,74.6,1,0,0.4,0,12,87.3,2.064,0,0.022,24.8,70.4,32.3,64.6,3,11.7,0.946,59.1,0.096,7.5,2.4,0,1,2.1,62.3,0,1,1.4,59.1,0,30,7.8,3.01,64.6
85,190909_9,APOE3/3F,F,APOE3/3,C,Day3_repeatNO,1,2Objects_NOR_2,3,5,0.4032258065,31.7,5,0,0.3,0,5,7.4,0.5967741935,35.9,5,2.4,1.8,0,11,82.5,1.154,0,0.012,33.2,61.6,37,67.6,4,8.9,0.306,30.3,0.081,3.8,0,0,1,0.1,35.1,0,3,0.7,29.9,0,,,1.46,67.6
1,061019_1,APOE4/4M,M,APOE4/4,A,openfield,1,2Objects_NOR,,,,,,,,,,,,,,,,,104,337.2,16.27,2.1,0.05,222.2,102.6,284,16.4,78,99.2,5.988,0,0.071,61.8,22.4,6.2,,,,,,,,,83.4,96,22.258,22.6
2,061019_2,APOE4/4M,M,APOE4/4,A,openfield,1,2Objects_NOR,,,,,,,,,,,,,,,,,86,274.1,8.904,0,0.039,185,43.6,281.1,11.6,79,176.4,9.082,16.1,0.05,96.1,85.2,20.9,,,,,,,,,115.3,108.8,17.986,32.5
3,061019_3,APOE4/4M,M,APOE4/4,A,openfield,1,2Objects_NOR,,,,,,,,,,,,,,,,,68,145.2,2.328,13.9,0.03,66.7,11.4,172.3,1.3,72,270.2,6.982,0,0.026,105.6,160.1,70.7,,,,,,,,,108.6,158.3,9.31,72
4,061019_4,APOE4/4M,M,APOE4/4,A,openfield,1,2Objects_NOR,17,7.9,0.3798076923,1.4,7.9,0,2.6,0,29,12.9,0.6201923077,20.8,12.1,0.8,2.6,0,116,314.1,10.213,2.6,0.031,197.2,134.4,256.8,23.3,48,70.8,3.951,0,0.046,59.6,25.7,5.2,,,,,,,,,85.7,90.9,14.164,28.5
5,061019_5,APOE4/4M,M,APOE4/4,A,openfield,1,2Objects_NOR,29,16.6,0.4256410256,4.9,13.7,2.9,4.2,1.5,35,22.4,0.5743589744,3.9,20.8,1.6,4.2,0,110,297.1,10.6,0,0.036,209.5,88.7,308.8,6.5,80,129.7,7.905,12.7,0.07,99.3,14.2,1.2,,,,,,,,,95.1,108.2,18.505,7.7
6,061019_6,APOE4/4F,F,APOE4/4,B,openfield,1,2Objects_NOR,33,12.4,0.5794392523,25.7,12.4,0,3.2,0,23,9,0.4205607477,8.3,9,0,2.8,0,123,424.5,18.546,1.1,0.046,359.4,47.1,417.8,7.8,67,60,9.213,0,0.158,58.4,0,0,,,,,,,,,52.9,45.8,27.759,7.8
7,061019_7,APOE4/4F,F,APOE4/4,B,openfield,1,2Objects_NOR,31,18,0.4958677686,28,18,0,5.1,0,33,18.3,0.5041322314,1,18.1,0.2,3.4,0,115,355,16.411,6.7,0.052,268.7,48.3,363.4,11.7,78,108.3,8.113,0,0.081,94.7,4.9,0,,,,,,,,,61,50.7,24.524,11.7
8,061019_8,APOE4/4F,F,APOE4/4,B,openfield,1,2Objects_NOR,20,8.7,0.4182692308,47.2,8.7,0,1.7,0,20,12.1,0.5817307692,21.7,11.4,0.7,3.3,0,107,354.9,19.024,1.4,0.059,280.9,43.2,349.5,2.3,71,99,8.424,0,0.09,68.6,24.8,3.5,,,,,,,,,66.2,62.3,27.448,5.8
9,061019_9,APOE4/4F,F,APOE4/4,B,openfield,1,2Objects_NOR,31,11,0.3666666667,63.3,11,0,2.5,0,40,19,0.6333333333,24.1,19,0,3.8,0,154,319.9,21.846,10.6,0.087,242.5,8.3,349.6,1.1,122,112.7,12.901,0,0.089,107.1,38.5,14.2,,,,,,,,,39.8,35.1,34.747,15.3
10,061019_10,APOE4/4F,F,APOE4/4,B,openfield,1,2Objects_NOR,39,20.2,0.6392405063,31.1,16.9,3.3,6.2,0.3,20,11.4,0.3607594937,9.9,11.4,0,3.4,0,124,325.1,15.317,1.4,0.039,299.5,93.6,346.4,28.1,63,58.5,7.173,0,0.153,46.9,0,0,,,,,,,,,153.3,151.5,22.49,28.1
11,061019_1,APOE4/4M,M,APOE4/4,A,Dilutions,1,2Objects_NOR,5,6.4,0.5203252033,13.9,2.3,4.1,3.8,0,4,5.9,0.4796747967,8.8,5.9,0,2.9,0,23,75,6.801,0.9,0.081,78.5,5.6,80.3,1.1,14,16.9,0.067,0,0.037,1.8,0,0,4,5,,0,8,9.6,110.4,0.1,23.9,18.8,6.868,1.1
12,061019_2,APOE4/4M,M,APOE4/4,A,Dilutions,1,2Objects_NOR,7,6.2,0.3850931677,2.2,6.2,0,5.4,0,3,9.9,0.6149068323,3.4,5.1,4.8,6,2.6,24,75.9,4.724,0,0.053,57.9,30.6,59.8,12,5,10.7,0,11.5,0,1.9,0,0,3,1.1,13.7,0,3,2.5,,0,24,26.8,4.724,12
13,061019_3,APOE4/4M,M,APOE4/4,A,Dilutions,1,2Objects_NOR,3,2.5,0.5,16.8,2.5,0,0.8,0,6,2.5,0.5,1.8,2.5,0,2.1,0,15,79.5,1.912,4.5,0.042,36,9,42.5,1.3,7,10.4,0.351,0,0.054,6.5,0,0,3,2.5,,0,7,7.8,,0,9.4,10.6,2.263,1.3
14,061019_4,APOE4/4M,M,APOE4/4,A,Dilutions,1,2Objects_NOR,4,2.6,0.5652173913,9.8,2.6,0,1,0,2,2,0.4347826087,2.5,2,0,0.8,0,20,86.9,5.89,5.9,0.055,66.3,39.9,71.8,6.2,5,7.3,0.239,0,0.044,5.5,0,0,1,0.8,,0,2,0.9,,0,29.9,27,6.129,6.2
15,061019_5,APOE4/4M,M,APOE4/4,A,Dilutions,1,2Objects_NOR,7,3.9,0.5909090909,12.4,3.9,0,2.3,0,5,2.7,0.4090909091,4.8,2.7,0,1.4,0,24,46.6,4.99,9.1,0.105,44.2,3.4,65.6,0,21,37,0.688,0,0.028,21.4,3.5,0,4,8,20.1,0,21,27.4,3.3,0.5,19.8,11.5,5.678,0
16,061019_6,APOE4/4F,F,APOE4/4,B,Dilutions,1,2Objects_NOR,7,6.7,0.5630252101,0,6.7,0,4.7,0,3,5.2,0.4369747899,7.4,5.2,0,3.6,0,20,77.1,7.32,1.2,0.083,82.4,5.8,88.3,0,21,15.9,0.074,0,0.013,5.9,0,0,6,3.8,,0,9,10.9,,0,23.9,16.6,7.394,0
17,061019_7,APOE4/4F,F,APOE4/4,B,Dilutions,1,2Objects_NOR,5,9.9,0.6149068323,8.2,7.8,2,5.5,0,5,6.2,0.3850931677,46.3,5.7,0.5,2.6,0,20,67.9,6.33,2.9,0.083,65.2,11.1,73.5,0,20,23.4,0.588,0,0.071,8.3,0,0,5,12.1,84,0,4,5.9,63.4,0.3,15.6,18.8,6.918,0
18,061019_8,APOE4/4F,F,APOE4/4,B,Dilutions,1,2Objects_NOR,6,6,0.5309734513,15.6,6,0,5.3,0,8,5.3,0.4690265487,13.7,5.1,0.2,3.2,0,22,64.8,6.193,0,0.063,83.3,14.4,89.3,1.2,8,21,0.375,11.2,0.063,6,0,0,1,1.5,,0,8,5,,0,28.8,27.3,6.568,1.2
19,061019_9,APOE4/4F,F,APOE4/4,B,Dilutions,1,2Objects_NOR,7,4.1,0.3388429752,12,4.1,0,1.9,0,9,8,0.6611570248,16.8,5.4,2.6,2.4,0,35,69.4,8.578,1.8,0.122,70.2,0,79.3,0,20,17.5,0.397,0,0.044,9.1,0,0,7,5.2,21.7,0,11,8.5,1.1,0,10.4,8.5,8.975,0
20,061019_10,APOE4/4F,F,APOE4/4,B,Dilutions,1,2Objects_NOR,11,7.7,0.4052631579,1,7.7,0,2.5,0,6,11.3,0.5947368421,14.1,11.3,0,5.2,0,19,58.7,6.69,5.7,0.111,60.5,0,96.1,0,20,35,2.29,0,0.064,35.6,0,0,3,9.5,81.1,0,8,10.3,42.6,0,12.8,10.3,8.98,0
21,061019_1,APOE4/4M,M,APOE4/4,A,Dilutions,2,2Objects_NOR,1,1.6,0.4444444444,104.3,1.6,0,1.2,0,2,2,0.5555555556,0,2,0,0.8,0,18,84.6,5.727,4.8,0.059,63.1,33.6,67.1,3.4,9,9.7,0.249,0,0.041,4,2.1,0,2,1.2,90.9,0,3,3.5,,0,31.6,28.9,5.976,3.4
22,061019_2,APOE4/4M,M,APOE4/4,A,Dilutions,2,2Objects_NOR,3,4.8,1,0,4.8,0,3.6,0,0,0,0,,0,0,0,0,14,93.8,4.602,3.2,0.043,56.9,51.1,59.1,20.8,2,3,0.137,0,0.062,2.2,0,0,1,0.5,,0,1,0.8,,0,29.6,25.1,4.739,20.8
23,061019_3,APOE4/4M,M,APOE4/4,A,Dilutions,2,2Objects_NOR,2,1.4,1,7.7,1.4,0,1.2,0,0,0,0,,0,0,0,0,7,102.4,1.025,4.4,0.01,22.8,79,24.8,33.5,5,5.5,0.069,0,0.034,2,0,0,0,0,,0,2,8.4,27,0,10.6,20,1.094,33.5
24,061019_4,APOE4/4M,M,APOE4/4,A,Dilutions,2,2Objects_NOR,1,0.4,1,28.6,0.4,0,0.4,0,0,0,0,,0,0,0,0,16,110,3.734,1.4,0.031,45.5,73,46.6,23.8,1,0.4,0.047,0,0.041,1.1,0,0,0,0,,0,2,1.6,1,0,32,30.6,3.781,23.8
25,061019_5,APOE4/4M,M,APOE4/4,A,Dilutions,2,2Objects_NOR,6,3.7,0.2569444444,20.6,3.7,0,2.8,0,3,10.7,0.7430555556,55.5,1.7,9,0.9,0,18,66.4,3.274,1.4,0.056,52.5,5.7,59.3,0,13,28.1,0.413,8.2,0.038,6.8,4.1,0,5,2.5,,0,5,8.3,,0,22.5,22.7,3.687,0
26,061019_6,APOE4/4F,F,APOE4/4,B,Dilutions,2,2Objects_NOR,3,3.4,0.9189189189,12.2,3.4,0,2.6,0,1,0.3,0.0810810811,119,0.3,0,0.2,0,17,87.5,5.444,0,0.056,76.3,21.2,78.5,2.7,7,6.4,0,42.7,0,2.2,0,0,2,1.6,,0,6,11.2,109.4,0.1,25.2,30.4,5.444,2.7
27,061019_7,APOE4/4F,F,APOE4/4,B,Dilutions,2,2Objects_NOR,2,3.3,0.6875,23.9,3.3,0,1.9,0,2,1.5,0.3125,54.2,1.5,0,0.8,0,20,84.7,3.238,2.2,0.036,47.8,41.7,50.6,16.2,11,9.4,0.252,53.5,0.089,2.8,0,0,2,3.4,86.4,0,5,10.8,50.9,0,29.3,18.1,3.49,16.2
28,061019_8,APOE4/4F,F,APOE4/4,B,Dilutions,2,2Objects_NOR,4,8.7,0.6692307692,1.3,5.7,3,4.6,0,4,4.3,0.3307692308,71.1,4.3,0,2.4,0,16,85.9,4.911,2.6,0.057,66.5,19,73.2,2.3,12,16,0.429,0,0.054,6.7,1.2,0,4,4.5,,0,4,5.9,116.3,0,22.1,24.1,5.34,2.3
29,061019_9,APOE4/4F,F,APOE4/4,B,Dilutions,2,2Objects_NOR,6,4.9,0.3828125,3.5,4.9,0,1.8,0,6,7.9,0.6171875,18.6,4.8,3,3.6,0,28,71.3,8.288,6,0.117,70.2,0.5,84.4,0,18,19.9,1.141,0,0.08,14.2,0,0,5,5.1,0.6,0.6,8,7,13.3,0,15.5,11.9,9.429,0
30,061019_10,APOE4/4F,F,APOE4/4,B,Dilutions,2,2Objects_NOR,11,10.7,0.5459183673,8.4,10.7,0,3.6,0,8,8.9,0.4540816327,38.2,8.9,0,1.2,0,26,53.6,4.901,0,0.079,52.1,9.8,73,5,23,26.6,1.477,19.9,0.071,20.9,0,0,5,7.7,54.5,0,8,7.4,19.3,0.4,26.2,24.7,6.378,5
31,061019_1,APOE4/4M,M,APOE4/4,A,Dilutions,3,2Objects_NOR,7,8.5,0.534591195,37.9,8.2,0.3,4.5,0,9,7.4,0.465408805,3.9,7.4,0,4.5,0,23,70.8,4.757,5,0.068,55.2,14.4,74.4,0,15,23.9,1.26,0,0.066,19.2,0,0,5,6.4,112.3,0.2,6,3.2,,0,18.3,19.3,6.017,0
32,061019_2,APOE4/4M,M,APOE4/4,A,Dilutions,3,2Objects_NOR,0,0,0,,0,0,0,0,5,9.2,1,22,8.9,0.3,3.2,0,14,94.4,2.813,2.8,0.028,49.1,51.1,50.9,22.9,5,5.1,0.106,0,0.058,1.8,0,0,1,1.1,,0,0,0,,0,13.7,15.5,2.919,22.9
33,061019_3,APOE4/4M,M,APOE4/4,A,Dilutions,3,2Objects_NOR,3,3.2,0.6530612245,12.2,3.2,0,2.9,0,3,1.7,0.3469387755,20,1.7,0,1.2,0,45,69.8,0.94,3,0.009,16.5,83,28.1,67.2,5,12,0.371,21.7,0.032,11.6,0,0,1,3.2,,0,2,2.4,,0,62.6,67.5,1.311,67.2
34,061019_4,APOE4/4M,M,APOE4/4,A,Dilutions,3,2Objects_NOR,1,0.3,0.375,16.6,0.3,0,0.3,0,1,0.5,0.625,2.6,0.5,0,0.1,0,11,109.5,3.325,4,0.029,52.4,61.9,56.1,21.7,1,3.3,0.159,0,0.043,3.7,0,0,0,0,,0,2,0.9,,0,33.1,34,3.484,21.7
35,061019_5,APOE4/4M,M,APOE4/4,A,Dilutions,3,2Objects_NOR,3,4.7,0.6438356164,86.2,4.7,0,2.1,0,1,2.6,0.3561643836,110.8,0.7,1.9,0,0,25,61.5,2.494,0,0.034,43.9,30.2,57.4,6.7,8,15.6,0.693,84.8,0.045,13.5,1.8,0,3,3.1,,0,4,7.4,80.9,0,31.6,33.7,3.187,6.7
36,061019_6,APOE4/4F,F,APOE4/4,B,Dilutions,3,2Objects_NOR,5,4.7,0.7014925373,31.1,3.2,1.5,2.2,0,3,2,0.2985074627,26.3,2,0,1.4,0,21,95.5,6.221,0,0.06,88.7,15.1,90.4,4.2,10,4.3,0.199,42.4,0.119,1.7,0,0,2,1.4,,0,3,3.2,,0,11.1,9.8,6.42,4.2
37,061019_7,APOE4/4F,F,APOE4/4,B,Dilutions,3,2Objects_NOR,5,5.7,0.3475609756,11.1,5.7,0,3.1,0,7,10.7,0.6524390244,4,10.7,0,1.3,0,15,43,2.565,0.7,0.057,37,7.8,84.5,2.9,27,33.9,1.358,0,0.026,47.5,4.7,0,4,4.4,17.4,0,16,21.9,32.7,0.3,14.4,13.9,3.923,2.9
38,061019_8,APOE4/4F,F,APOE4/4,B,Dilutions,3,2Objects_NOR,3,6.3,0.4701492537,54.7,6.3,0,2.5,0,3,7.1,0.5298507463,89.8,4.9,2.1,3.6,0,9,90.4,5.509,2.8,0.058,61.6,33.1,68.3,8.4,11,13.5,0.5,0,0.056,6.7,2.1,0,2,2.8,107.9,0,4,2.7,,0,22.9,18.8,6.009,8.4
39,061019_9,APOE4/4F,F,APOE4/4,B,Dilutions,3,2Objects_NOR,7,4.7,0.6025641026,1.1,4.7,0,3.2,0,7,3.1,0.3974358974,2.5,3.1,0,1.2,0,31,50,2.885,4,0.057,50.7,0,67.2,2.2,25,24.6,1.204,0,0.065,16.5,2,0,4,3,50.7,0,20,22.3,35.8,0.1,18.8,17.9,4.089,2.2
40,061019_10,APOE4/4F,F,APOE4/4,B,Dilutions,3,2Objects_NOR,5,6.8,0.3930635838,25.9,6.8,0,2.9,0,8,10.5,0.6069364162,18.9,10.5,0,8.1,0,15,43.7,2.95,0,0.062,45,2.2,81.4,1.5,16,46.7,2.072,3.6,0.057,36.4,0,0,6,11.6,48.3,0,7,14.1,14.3,0,25,23.3,5.022,1.5
41,061019_1,APOE4/4M,M,APOE4/4,A,Dilutions,4,2Objects_NOR,0,0,0,,0,0,0,0,1,0.5,1,1.1,0.5,0,0.5,0,2,115.6,1.317,4.5,0.011,14.6,100.7,17.9,48.9,1,3.1,0.152,0,0.047,3.3,0,0,0,0,,0,0,0,,0,45.9,46.7,1.469,48.9
42,061019_2,APOE4/4M,M,APOE4/4,A,Dilutions,4,2Objects_NOR,0,0,,,0,0,0,0,0,0,,,0,0,0,0,12,111.3,0.991,4.9,0.009,12.1,102.9,13.9,68.2,1,1.8,0.039,0,0.022,1.8,0,0,0,0,,0,0,0,,0,54.3,46.9,1.03,68.2
43,061019_3,APOE4/4M,M,APOE4/4,A,Dilutions,4,2Objects_NOR,0,0,,,0,0,0,0,0,0,,,0,0,0,0,2,117.6,0.387,1.8,0.003,6.4,111.2,7.8,81.1,2,0.6,0.076,0,0.056,1.4,0,0,0,0,,0,1,0.6,,0,0,0,0.463,81.1
44,061019_4,APOE4/4M,M,APOE4/4,A,Dilutions,4,2Objects_NOR,0,0,,,0,0,0,0,0,0,,,0,0,0,0,8,115.1,3.458,2.3,0.029,46.4,71.1,48.3,22.4,1,2.2,0.126,0,0.065,1.9,0,0,0,0,,0,0,0,,0,9.7,8.5,3.584,22.4
45,061019_5,APOE4/4M,M,APOE4/4,A,Dilutions,4,2Objects_NOR,1,1.3,0.1666666667,99.3,1.3,0,0.5,0,3,6.5,0.8333333333,0,3.4,3.1,1.8,0,20,83.5,2.2,7.3,0.022,32.3,69.5,36.1,39,8,9,0.152,0,0.022,3.8,3.2,0,2,2.3,,0,1,0.7,,0,50.4,51.2,2.352,39
46,061019_6,APOE4/4F,F,APOE4/4,B,Dilutions,4,2Objects_NOR,2,1.8,0.6206896552,22.3,1.8,0,0.7,0,1,1.1,0.3793103448,51,1.1,0,0,0,25,86.4,4.655,0,0.051,58.1,33.1,59.7,6.2,8,6.8,0.122,50.5,0.077,1.6,0,0,3,2.9,80.3,0,3,5.4,73.2,0,18,14.4,4.777,6.2
47,061019_7,APOE4/4F,F,APOE4/4,B,Dilutions,4,2Objects_NOR,10,19.3,0.7845528455,28.5,11.4,7.9,4.1,1.9,2,5.3,0.2154471545,72.1,0.4,4.9,3.5,1.3,10,54.9,2.578,1.1,0.045,35.2,22.4,54.6,6.7,12,27.3,0.614,0,0.028,19.4,2.9,1.8,3,9,66.4,0.3,5,9.2,48.2,0.1,19.4,18,3.192,8.5
48,061019_8,APOE4/4F,F,APOE4/4,B,Dilutions,4,2Objects_NOR,1,1.3,1,61.6,1.3,0,0.3,0,0,0,0,,0,0,0,0,12,109.6,3.371,0.9,0.029,42.8,71.7,43.5,29.4,3,2.4,0.06,0,0.083,0.7,0,0,1,1.9,,0,0,0,,0,24.6,24.8,3.431,29.4
49,061019_9,APOE4/4F,F,APOE4/4,B,Dilutions,4,2Objects_NOR,4,2.9,0.2660550459,2.4,2.9,0,1.8,0,3,8,0.7339449541,76.2,3.6,4.4,3.8,1.6,20,79.9,1.844,3.5,0.022,38.8,44.7,44.8,17,15,12.5,0.236,0,0.039,6,0,0,3,4.2,19.8,0,5,2.8,,0,24.5,20.1,2.08,17
50,061019_10,APOE4/4F,F,APOE4/4,B,Dilutions,4,2Objects_NOR,4,9.9,0.8761061947,100,1.1,8.8,5.4,4.5,2,1.4,0.1238938053,59.9,1.4,0,0.7,0,18,70.4,2.078,0.8,0.026,40.9,40.5,47.4,17.3,12,12,0.309,0,0.047,6.5,0,0,2,6.1,93.1,0.2,4,5.8,15.8,0.3,35,34.2,2.387,17.3
51,061019_1,APOE4/4M,M,APOE4/4,A,Dilutions,5,2Objects_NOR,0,0,0,,0,0,0,0,1,0.7,1,0,0.7,0,0.4,0,19,78.3,2.071,3.1,0.018,34.5,78.3,36.6,43.9,1,1.4,0.115,0,0.056,2.1,0,0,0,0,,0,1,0.1,2.1,0,27.9,22.3,2.186,43.9
52,061019_2,APOE4/4M,M,APOE4/4,A,Dilutions,5,2Objects_NOR,0,0,,,0,0,0,0,0,0,,,0,0,0,0,1,116.3,0.266,0.9,0.002,5.3,112.5,6.2,81.9,1,3.7,0.261,0,0.294,0.9,0,0,0,0,,0,0,0,,0,66.6,67.9,0.527,81.9
53,061019_3,APOE4/4M,M,APOE4/4,A,Dilutions,5,2Objects_NOR,6,10.6,0.768115942,17.8,5.2,5.4,2.9,0,2,3.2,0.231884058,50.7,3.2,0,1.1,0,11,77.5,2.018,0.4,0.026,37.4,40.8,43,10.9,11,15.5,0.328,45.6,0.059,5.6,0,0,2,1.5,73.3,0,5,9.5,45,0,28.2,30.2,2.346,10.9
54,061019_4,APOE4/4M,M,APOE4/4,A,Dilutions,5,2Objects_NOR,2,1.3,0.52,95.2,1.3,0,0.8,0,1,1.2,0.48,103.7,1.2,0,0,0,13,100.5,2.177,2.2,0.021,21.2,83.4,28.2,43.8,7,9.3,0.553,0,0.079,7,0,0,3,2.8,,0,2,1.6,100.3,0,22.6,30.1,2.73,43.8
55,061019_5,APOE4/4M,M,APOE4/4,A,Dilutions,5,2Objects_NOR,3,2.8,0.8,30.9,2.8,0,1.8,0,1,0.7,0.2,38.4,0.7,0,0,0,21,83.5,2.083,5.9,0.021,35,62.8,39.1,23.6,5,7.9,0.514,0,0.067,4.1,3.6,0,0,0,,0,1,1.8,102.6,0,15.1,26.8,2.597,23.6
56,061019_6,APOE4/4F,F,APOE4/4,B,Dilutions,5,2Objects_NOR,3,1,0.7692307692,0,1,0,0.5,0,1,0.3,0.2307692308,1,0.3,0,0.3,0,12,107.4,4.026,2.6,0.035,52.3,63.8,54.3,35,1,1.8,0.122,0,0.06,2,0,0,0,0,,0,0,0,,0,21.2,15.7,4.148,35
57,061019_7,APOE4/4F,F,APOE4/4,B,Dilutions,5,2Objects_NOR,3,12.1,0.968,14.8,2.7,9.4,6.9,0,1,0.4,0.032,20.7,0.4,0,0,0,9,65.6,0.729,0.9,0.01,13.2,57.6,20.3,29,9,29.1,0.33,0,0.022,7.1,7.9,0,4,3.2,13.6,0,4,16.4,99.2,0,27.8,21.5,1.059,29
58,061019_8,APOE4/4F,F,APOE4/4,B,Dilutions,5,2Objects_NOR,3,6.5,0.9701492537,0,6.5,0,3.7,0,1,0.2,0.0298507463,1.9,0.2,0,0.2,0,5,107.3,3.102,2.9,0.029,46.8,60.8,55.8,37.4,4,10.2,0.338,0,0.038,9,0,0,0,0,,0,1,1.2,,0,5.5,3.8,3.44,37.4
59,061019_9,APOE4/4F,F,APOE4/4,B,Dilutions,5,2Objects_NOR,3,4.1,0.9318181818,0.6,1.6,2.5,2.5,0,1,0.3,0.0681818182,39.4,0.3,0,0.2,0,13,90.7,1.607,2.6,0.016,35,68.5,35.9,41.7,8,2.9,0.032,0,0.036,0.9,0,0,1,0.3,,0,2,4,22.6,0,10.7,18.4,1.639,41.7
60,061019_10,APOE4/4F,F,APOE4/4,B,Dilutions,5,2Objects_NOR,2,5.9,0.9365079365,94.2,0.4,5.5,0.2,2.8,1,0.4,0.0634920635,77.8,0.4,0,0,0,16,93,3.385,0.4,0.033,63.3,40.5,65.1,17.8,5,5.1,0.261,77.8,0.148,1.8,0,0,1,0.6,,0,1,0.9,,0,19.1,17.3,3.646,17.8
61,061019_1,APOE4/4M,M,APOE4/4,A,Day2_IdenticalObject,1,2Objects_NOR,2,5.8,0.3431952663,31.8,3.5,2.3,2.4,0,5,11.1,0.6568047337,14.6,11.1,0,1.8,0,8,91.6,1.573,2.7,0.017,22.7,68.2,31.5,25.5,8,16.5,0.329,14.3,0.037,8.8,0,1.1,3,1.3,2,0,1,1.2,14.1,0,8.2,7.7,1.902,26.6
62,061019_2,APOE4/4M,M,APOE4/4,A,Day2_IdenticalObject,1,2Objects_NOR,5,8.5,0.6390977444,11.8,8.5,0,2.8,0,5,4.8,0.3609022556,14.7,4.8,0,2.6,0,10,85.5,3.5,1.9,0.042,43.8,39.9,59.2,17.3,8,21.3,1.141,0,0.074,15.4,0,0,4,2.4,17.6,0,5,2.9,0.6,0,25.5,20.7,4.641,17.3
63,061019_1,APOE4/4M,M,APOE4/4,A,Day2_IdenticalObject,2,2Objects_NOR,2,8,1,93.3,5.8,2.2,4.8,0,0,0,0,,0,0,0,0,7,93.4,1.203,1.7,0.012,24.7,76.9,27.4,32.5,6,5.6,0.229,0,0.085,2.7,0,0,0,0,,0,2,0.7,1.1,0,22.1,14.3,1.432,32.5
64,061019_2,APOE4/4M,M,APOE4/4,A,Day2_IdenticalObject,2,2Objects_NOR,1,0.9,1,74.8,0.9,0,0.9,0,0,0,0,,0,0,0,0,18,106.1,1.25,0.8,0.011,21.2,94.2,22.4,55.5,2,0.5,0.076,0,0.063,1.2,0,0,0,0,,0,2,1,69.2,0,37.5,57.8,1.326,55.5
65,061019_1,APOE4/4M,M,APOE4/4,A,Day2_IdenticalObject,3,2Objects_NOR,4,10,0.7575757576,100.4,4,6,3,1.1,2,3.2,0.2424242424,89.2,3.2,0,2,0,13,61.8,2.332,0,0.025,44.4,48,50.6,21.8,4,13.9,0.286,97.8,0.025,6.2,5.3,0,4,10,101.1,0,2,3.2,,0,47.1,42.8,2.618,21.8
66,061019_2,APOE4/4M,M,APOE4/4,A,Day2_IdenticalObject,3,2Objects_NOR,6,10.4,0.3586206897,57.9,9.2,1.2,3.7,0,10,18.6,0.6413793103,0,11,7.7,3.8,0,19,71.3,2.98,1.7,0.041,48.9,23,64.6,5.7,16,22.4,1.06,0,0.048,15.7,6.4,0,6,10.4,82.2,0.1,10,18.6,49.2,0,18.4,18.1,4.04,5.7
67,061019_1,APOE4/4M,M,APOE4/4,A,Day2_ShortTermMemory,4,2Objects_NOR,1,3.8,0.4222222222,76.8,3.8,0,0.6,0,3,5.2,0.5777777778,11.3,5.2,0,2.7,0,13,103.8,2.286,0,0.021,24.8,83.3,28.3,49.6,5,4,0.231,79.5,0.066,3.5,0,0,1,3.8,79.1,0,3,5.2,85.5,0,20.8,21.8,2.517,49.6
68,061019_2,APOE4/4M,M,APOE4/4,A,Day2_ShortTermMemory,4,2Objects_NOR,4,8.3,0.5608108108,65.9,8.3,0,2.2,0,8,6.5,0.4391891892,64.2,6.5,0,2.7,0,14,80.6,1.597,1.2,0.018,22.9,66,44.3,27.9,10,22.3,1.204,0,0.056,21.4,0,0,4,8.3,86.5,0,8,6.5,79.1,0.3,34.9,22.9,2.801,27.9
69,061019_3,APOE4/4M,M,APOE4/4,A,Day2_IdenticalObject,1,2Objects_NOR,3,4.7,0.358778626,2.8,4.7,0,2.2,0,5,8.4,0.641221374,8.7,8.4,0,1.8,0,19,77.4,1.764,1.1,0.018,27.1,69.8,35.8,34.5,13,10.6,0.684,0,0.079,8.7,0,0,2,1,0.6,0,1,0.8,28.2,0,54.6,54.6,2.448,34.5
70,061019_4,APOE4/4M,M,APOE4/4,A,Day2_IdenticalObject,1,2Objects_NOR,3,3.2,0.3106796117,4.5,1.3,1.9,2.1,0,5,7.1,0.6893203883,45.8,4.7,2.4,4.7,0,20,90.6,5.98,0.7,0.062,61.8,34.7,66.2,15.4,6,9.5,0.283,11,0.039,4.4,2.8,0,3,2.5,44.5,0,3,1.1,11,0,24.1,25,6.263,15.4
71,061019_5,APOE4/4M,M,APOE4/4,A,Day2_IdenticalObject,1,2Objects_NOR,3,4.4,0.2716049383,9.1,2.3,2,1.6,0,8,11.8,0.7283950617,32.2,11.8,0,6.8,1.1,15,73.5,3.653,3.6,0.046,57.9,21.2,72.5,6.9,8,15.7,0.768,0,0.053,14.6,0,0,2,0.8,104.8,0,3,1.7,1.6,0,16.2,20.7,4.421,6.9
72,061019_3,APOE4/4M,M,APOE4/4,A,Day2_IdenticalObject,2,2Objects_NOR,8,13.3,0.3093023256,8.5,7.4,5.8,3.8,0,16,29.7,0.6906976744,18,23.7,6,12.6,0,17,37.8,2.011,1,0.056,35.6,0,68.1,0,35,46.7,1.798,0,0.045,32.5,7.9,0,3,1.4,35.9,0,4,2.4,54.5,0,17.8,20.2,3.809,0
73,061019_4,APOE4/4M,M,APOE4/4,A,Day2_IdenticalObject,2,2Objects_NOR,4,7.6,0.387755102,16.9,7.6,0,2.5,0,7,12,0.612244898,0,8.7,3.3,4.7,0,11,86.9,2.605,1.8,0.03,38.3,49.7,48.8,25.6,10,14.5,0.896,0,0.086,10.5,0,0,0,0,91.9,0,2,1,11,0,19.9,20.2,3.501,25.6
74,061019_5,APOE4/4M,M,APOE4/4,A,Day2_IdenticalObject,2,2Objects_NOR,2,7.3,0.5251798561,18.5,7.3,0,0.2,0,6,6.6,0.4748201439,7.9,6.4,0.1,2.1,1.2,14,79.8,2.816,1.4,0.031,47.1,42.8,50.9,16.2,7,8.1,0.189,0,0.05,3.8,0,0,1,0.9,0.6,0,1,0.1,,0,22.6,20.1,3.005,16.2
75,061019_3,APOE4/4M,M,APOE4/4,A,Day2_IdenticalObject,3,2Objects_NOR,4,9.7,0.4429223744,2.3,6.9,2.8,1.3,0,7,12.2,0.5570776256,6.4,9.3,2.9,7.6,0,15,68.2,2.691,3,0.039,33.4,35.4,48.3,7.6,13,21.2,1.145,0,0.077,14.9,0,0,4,9.7,2.4,0.2,7,12.2,29.5,0,15.4,20.9,3.836,7.6
76,061019_4,APOE4/4M,M,APOE4/4,A,Day2_IdenticalObject,3,2Objects_NOR,2,1.5,0.2727272727,69.7,1.5,0,1,0,2,4,0.7272727273,1.3,4,0,1.4,0,16,103.7,2.197,2.1,0.02,39.2,71.3,42.5,29.2,4,3.7,0.256,0,0.077,3.3,0,0,2,1.5,,0,2,4,100.7,0,55.1,53.5,2.453,29.2
77,061019_5,APOE4/4M,M,APOE4/4,A,Day2_IdenticalObject,3,2Objects_NOR,5,9.2,1,8.4,9.2,0,4.8,1.4,0,0,0,,0,0,0,0,17,96.3,2.501,0.9,0.025,25.3,74,29.5,37.1,7,7,0.284,60.2,0.068,4.2,0,0,5,9.2,10.1,2.2,0,0,0,0,53,53,2.785,37.1
78,061019_6,APOE4/4F,F,APOE4/4,B,Day2_IdenticalObject,1,2Objects_NOR,4,6.2,0.5123966942,25.4,6.2,0,4.7,0,4,5.9,0.4876033058,17.3,5.9,0,2,0,14,90,7.336,0.4,0.075,80.9,16.7,89.2,4.2,8,11.7,0.748,16.9,0.091,8.3,0,0,2,2.6,76.5,0,5,3.4,16.7,0,18.4,16.4,8.084,4.2
79,061019_7,APOE4/4F,F,APOE4/4,B,Day2_IdenticalObject,1,2Objects_NOR,6,8.6,0.3805309735,9.7,6.7,1.9,1.9,0,11,14,0.6194690265,28.5,14,0,4,0,23,72.6,4.384,0.6,0.064,58.5,10.2,71.4,0,18,19.3,1.208,28.1,0.08,12.9,2.2,0,3,0.5,,0,1,0.4,34.9,0,15.4,14.4,5.592,0
80,061019_8,APOE4/4F,F,APOE4/4,B,Day2_IdenticalObject,1,2Objects_NOR,4,10.7,0.5323383085,69.3,10.7,0,2.1,0,7,9.4,0.4676616915,0.6,9.4,0,4.1,0,11,87.1,6.693,0,0.074,62,28,76.1,5.9,12,16.5,0.638,27.7,0.045,14.1,0,0,2,1.1,5.4,0,1,0.7,44.7,0,16,16.6,7.331,5.9
81,061019_6,APOE4/4F,F,APOE4/4,B,Day2_IdenticalObject,2,2Objects_NOR,4,5,0.1666666667,51.2,5,0,1.6,0,16,25,0.8333333333,48.5,25,0,3.5,0,13,68.1,4.891,0,0.071,48.8,20.4,79.9,4.4,16,27.1,1.456,50.4,0.047,31.1,0,0,0,0,,0,3,1.3,88.1,0,13,11.4,6.347,4.4
82,061019_7,APOE4/4F,F,APOE4/4,B,Day2_IdenticalObject,2,2Objects_NOR,9,17.7,0.3710691824,16.5,13.6,4.2,5.9,0,15,30,0.6289308176,1,9.4,20.6,14.4,0,15,41.5,2.53,0.6,0.069,31.3,5.2,56,1.1,23,41.2,1.174,13.9,0.024,24.7,24,1.1,4,1.8,28.4,0,4,2.1,67.9,0,18.6,15.4,3.704,2.2
83,061019_8,APOE4/4F,F,APOE4/4,B,Day2_IdenticalObject,2,2Objects_NOR,1,0.7,0.048951049,12.8,0.7,0,0.4,0,7,13.6,0.951048951,0,13.6,0,3.3,0,12,95.1,2.42,1.8,0.025,51.8,46.2,63.8,16.1,7,9,0.387,0,0.032,12,0,0,1,0.4,105.5,0,0,0,,0,13.6,25.4,2.807,16.1
84,061019_6,APOE4/4F,F,APOE4/4,B,Day2_IdenticalObject,3,2Objects_NOR,8,10.8,0.3829787234,31.3,4.8,6,1,2.6,12,17.4,0.6170212766,32.3,17.4,0,3.3,0,14,74.5,3.913,0,0.053,55,19.5,77.1,9.6,18,22,1.294,31.7,0.058,22.1,0,0,8,10.8,95.2,0.1,12,17.4,45,0.1,16.2,15.6,5.207,9.6
85,061019_7,APOE4/4F,F,APOE4/4,B,Day2_IdenticalObject,3,2Objects_NOR,13,14.2,0.5525291829,18.2,11.2,3,5.5,0,5,11.5,0.4474708171,21.8,8,3.5,1.4,0,14,68.7,3.652,0.7,0.055,44.1,22,62.1,3.6,15,18.8,1.071,21.1,0.038,18,10.5,1.4,13,14.2,32.8,0.4,5,11.5,23.1,0.1,7.7,8.9,4.723,5
86,061019_8,APOE4/4F,F,APOE4/4,B,Day2_IdenticalObject,3,2Objects_NOR,2,2.7,0.3033707865,15.5,2.7,0,0.8,0,3,6.2,0.6966292135,80.6,6.2,0,3.4,0,11,101,4.028,1.5,0.038,53,53.2,55.3,26.6,9,6.2,0.249,0,0.108,2.3,0,0,2,2.7,,0,3,6.2,118.3,0,35.3,31.9,4.277,26.6
87,061019_9,APOE4/4F,F,APOE4/4,B,Day2_IdenticalObject,1,2Objects_NOR,8,8.1,0.3838862559,6.9,8.1,0,1.8,0,9,13,0.6161137441,10.1,13,0,4.1,0,24,69.9,9.453,0.5,0.146,64.8,0,96.2,0,26,25.5,2.188,9.7,0.07,31.4,0,0,9,3,15.7,0,7,2.3,12.8,0,8.3,8.1,11.641,0
88,061019_10,APOE4/4F,F,APOE4/4,B,Day2_IdenticalObject,1,2Objects_NOR,3,2.3,0.1729323308,32.4,2.3,0,2.1,0,9,11,0.8270676692,9.8,8.6,2.4,4.3,0,22,87.5,6.258,0,0.067,62.6,30.5,73.9,7.9,10,10.9,0.823,11.3,0.073,11.3,0,0,3,1.1,12.1,0,2,0.5,19,0,22.4,17.8,7.081,7.9
89,061019_9,APOE4/4F,F,APOE4/4,B,Day2_IdenticalObject,2,2Objects_NOR,9,6.9,0.3556701031,0,6.9,0,1.1,0,9,12.5,0.6443298969,5.2,9.2,3.2,1.8,1,32,65.8,3.315,3.1,0.049,49.6,17.6,60.2,6.8,22,16,1.159,0,0.11,10.6,0,0,6,3.4,1.8,0,5,2.5,6.4,0,20.5,18,4.474,6.8
90,061019_10,APOE4/4F,F,APOE4/4,B,Day2_IdenticalObject,2,2Objects_NOR,0,0,,,0,0,0,0,0,0,,,0,0,0,0,26,104.3,2.392,1.2,0.02,30.2,88.4,31.2,59.7,1,0.9,0.112,0,0.115,1,0,0,0,0,,0,1,0.3,0.7,0,64.8,66.9,2.504,59.7
91,061019_9,APOE4/4F,F,APOE4/4,B,Day2_IdenticalObject,3,2Objects_NOR,10,9.9,0.4520547945,9.8,9.9,0,2.9,0,11,12,0.5479452055,27.8,12,0,4.2,0,23,60,2.898,0.5,0.049,51.9,7.5,73.1,0,20,24.2,2.16,49.7,0.102,21.2,0,0,10,9.9,49.3,0,11,12,28.6,0.3,18.3,16.5,5.058,0
92,061019_10,APOE4/4F,F,APOE4/4,B,Day2_IdenticalObject,3,2Objects_NOR,3,6.1,0.8970588235,26.7,3.2,2.9,1.8,0,1,0.7,0.1029411765,57,0.7,0,0.2,0,16,96.2,3.346,0.6,0.032,46.6,58.7,48.2,35.7,3,5.7,0.17,36.5,0.037,1.6,3,0,3,6.1,116.2,0,1,0.7,57.3,0,47.7,45.9,3.516,35.7
93,061019_3,APOE4/4M,M,APOE4/4,A,Day2_ShortTermMemory,4,2Objects_NOR,0,0,,,0,0,0,0,0,0,,,0,0,0,0,1,118.8,0.031,1.9,0,2.6,115.5,3.4,91.6,1,0.6,0.094,0,0.114,0.8,0,0,0,0,,0,0,0,,0,9.1,43.6,0.125,91.6
94,061019_4,APOE4/4M,M,APOE4/4,A,Day2_ShortTermMemory,4,2Objects_NOR,1,0.9,1,18.2,0.9,0,0.9,0,0,0,0,,0,0,0,0,5,113.6,2.257,0,0.019,27.8,90,27.8,57.6,1,0.4,0,,,0,0,0,1,0.9,,0,0,0,,0,20.8,38.3,2.257,57.6
95,061019_5,APOE4/4M,M,APOE4/4,A,Day2_ShortTermMemory,4,2Objects_NOR,1,0.2,1,38.6,0.2,0,0.2,0,0,0,0,,0,0,0,0,8,109.8,2.661,0,0.023,44.5,72.4,44.7,37.6,1,0.6,0.047,38,0.298,0.2,0,0,1,0.2,,0,0,0,,0,24.2,11.1,2.708,37.6
96,061019_6,APOE4/4F,F,APOE4/4,B,Day2_ShortTermMemory,4,2Objects_NOR,2,1.1,0.3548387097,22.1,1.1,0,0.7,0,1,2,0.6451612903,111.7,2,0,1.5,0,5,112.1,4.286,0,0.037,59.5,56.1,60,35,1,1.5,0.128,115.5,0.243,0.5,0,0,2,1.1,,0,1,2,,0,9.7,9,4.414,35
97,061019_7,APOE4/4F,F,APOE4/4,B,Day2_ShortTermMemory,4,2Objects_NOR,12,31.6,0.7133182844,0.4,5.6,26,16.4,15.4,8,12.7,0.2866817156,16.5,7,5.7,3.1,1.7,9,27.5,1.001,1.6,0.04,16.3,8.7,38,4.7,10,36.5,1.246,13.8,0.036,21.7,12.6,1,12,31.6,22.8,0.7,8,12.7,18.1,0,15.1,21.4,2.247,5.7
98,061019_8,APOE4/4F,F,APOE4/4,B,Day2_ShortTermMemory,4,2Objects_NOR,3,2.1,0.5833333333,33.8,2.1,0,1.6,0,1,1.5,0.4166666667,13,0,1.5,0,0,4,110.8,1.549,1.4,0.014,24.7,89.6,25.8,63.5,3,2.8,0.156,0,0.143,1.1,0,0,3,2.1,,0,1,1.5,,0,25.8,42.7,1.705,63.5
99,061019_10,APOE4/4F,F,APOE4/4,B,Day2_ShortTermMemory,4,2Objects_NOR,3,3.4,0.7391304348,13.4,3.4,0,2.3,0,2,1.2,0.2608695652,26,1.2,0,0.5,0,14,84.6,2.481,0,0.023,44.5,64.9,48.5,37,4,5,0.342,25.2,0.086,4,0,0,3,3.4,34,0,2,1.2,,0,43.2,48.6,2.823,37
100,061019_9,APOE4/4F,F,APOE4/4,B,Day2_ShortTermMemory,4,2Objects_NOR,2,2.3,0.46,28.3,2.3,0,1.9,0,1,2.7,0.54,14.2,2.7,0,1.6,0,13,102.5,1.61,1.7,0.015,27.6,78.3,30,49.4,6,4.1,0.389,0,0.165,2.4,0,0,2,2.3,,0,1,2.7,,0,61.7,56.5,1.999,49.4
101,061019_1,APOE4/4M,M,APOE4/4,A,Day3_Novel Object2,1,2Objects_NOR,4,4.9,0.2300469484,38.9,4.9,0,2.8,0,7,16.4,0.7699530516,20.6,8.8,7.6,6.1,1.6,14,77.9,3.93,0.9,0.05,52.7,26.2,72.8,6.5,18,24.4,1.727,19.5,0.062,20.1,7.8,1.6,3,0.8,29.4,0,5,2.2,19.5,0,7.6,5,5.657,8.1
102,061019_2,APOE4/4M,M,APOE4/4,A,Day3_Novel Object2,1,2Objects_NOR,7,17,0.5573770492,49.1,14.7,2.3,4,0,9,13.5,0.4426229508,2.1,13.5,0,2.7,0,19,64,3.498,2.8,0.058,48.9,11.2,74.2,0,22,34.1,1.933,0,0.076,25.3,0,0,2,1.5,43.5,0,3,0.9,0,0,13.8,12.1,5.431,0
103,061019_3,APOE4/4M,M,APOE4/4,A,Day3_Novel Object2,1,2Objects_NOR,4,6.2,0.3483146067,23.8,6.2,0,2.3,0,10,11.6,0.6516853933,11,9.6,2,0.6,0,16,84,5.226,0,0.073,53.3,18.1,69.4,3.3,10,15.7,1.386,10.3,0.086,16.1,0,0,2,0.6,47.6,0,2,0.8,60.6,0,6.7,10.5,6.612,3.3
104,061019_4,APOE4/4M,M,APOE4/4,A,Day3_Novel Object2,1,2Objects_NOR,6,6.6,0.4459459459,33.5,5.7,0.9,2.6,0,3,8.2,0.5540540541,20.7,5.4,2.8,2.7,0,16,83.9,3.436,1.3,0.04,45.7,39.8,58.1,7.3,10,19.4,1.096,0.7,0.069,12.4,3.4,0,2,0.5,0.7,0,1,0.6,32.3,0,21.2,16.4,4.532,7.3
105,061019_5,APOE4/4M,M,APOE4/4,A,Day3_Novel Object2,1,2Objects_NOR,4,11.1,0.3881118881,16.6,9.6,1.5,5.1,0,12,17.5,0.6118881119,39.3,15,2.5,1.4,0,22,60.7,4.458,1,0.074,49,11.6,78.3,1.3,13,20.5,1.678,0,0.048,29.3,5.9,0,4,2.1,0.9,0,6,2.1,1.3,0,11.8,10.1,6.136,1.3
106,061019_6,APOE4/4F,F,APOE4/4,B,Day3_Novel Object2,1,2Objects_NOR,6,6.4,0.3878787879,25.9,6.4,0,2.2,0,10,10.1,0.6121212121,12.5,10.1,0,1.1,0,29,77.5,6.032,0,0.08,69.5,5.9,84.1,2.3,17,20.6,1.796,20.1,0.123,14.6,0,0,3,1,28.1,0,7,3.2,25.5,0,8.1,13.8,7.828,2.3
107,061019_7,APOE4/4F,F,APOE4/4,B,Day3_Novel Object2,1,2Objects_NOR,9,11,0.5092592593,10.6,11,0,2.6,0,10,10.6,0.4907407407,12.7,10.6,0,3.5,0,20,75.1,4.46,0,0.068,55.9,10,76.3,1.3,17,17.9,2.02,8.9,0.099,20.4,0,0,5,1.6,8.9,0,0,0,54.6,0,7.8,7,6.48,1.3
108,061019_8,APOE4/4F,F,APOE4/4,B,Day3_Novel Object2,1,2Objects_NOR,4,4.9,0.3525179856,10.3,4.9,0,1.5,0,5,9,0.6474820144,26.2,9,0,5.6,0,15,91.6,6.746,1,0.07,73.2,23.2,81,10.2,7,8.6,0.703,0,0.09,7.8,0,0,2,0.3,30.6,0,2,0.2,33.7,0,8.6,13.4,7.449,10.2
109,061019_9,APOE4/4F,F,APOE4/4,B,Day3_Novel Object2,1,2Objects_NOR,11,13.8,0.4011627907,22.6,13.8,0,1.7,0,12,20.6,0.5988372093,5.7,20.6,0,3.9,0,33,59.3,7.053,0.6,0.118,57.3,2.7,73.5,0,25,25.1,0.745,8.6,0.046,16.2,0,0,3,1.2,57,0,4,1.1,54.1,0,17.6,12.6,7.798,0
110,061019_10,APOE4/4F,F,APOE4/4,B,Day3_Novel Object2,1,2Objects_NOR,10,16.1,0.516025641,8.6,13.8,2.3,5.5,0,8,15.1,0.483974359,18.3,12.5,2.6,5.3,0,19,65.9,4.472,0,0.068,57.4,8.7,76,2.1,22,25.2,1.708,50.6,0.082,18.6,2.3,0,4,1.7,50.4,0,4,1.7,52.9,0,9.8,9.5,6.18,2.1
111,061019_1,APOE4/4M,M,APOE4/4,A,Day5_NovelObject3,1,2Objects_NOR,7,6.9,0.372972973,23.6,6.9,0,0.8,0,8,11.6,0.627027027,19.3,11.6,0,3.6,0,19,80.9,5.399,0.4,0.069,63.3,14.5,84.2,1.5,17,22.4,2.495,23.2,0.119,20.9,0,0,5,1.5,23.2,0,5,2.9,34.2,0,5,7.2,7.894,1.5
112,061019_2,APOE4/4M,M,APOE4/4,A,Day5_NovelObject3,1,2Objects_NOR,11,14.7,0.508650519,27,14.7,0,4.4,0,11,14.2,0.491349481,1.4,14.2,0,4,0,25,63.8,4.919,0,0.078,53.3,9.9,75.2,2.7,25,28.9,1.782,26.6,0.081,21.9,0,0,4,1.3,96.7,0,4,0.8,26.6,0,20,18,6.701,2.7
113,061019_3,APOE4/4M,M,APOE4/4,A,Day5_NovelObject3,1,2Objects_NOR,9,12.5,0.5296610169,5.9,12.5,0,3.5,0,10,11.1,0.4703389831,10.6,11.1,0,3.7,0,25,72.1,4.746,1.4,0.068,62.2,8.1,77.1,0,19,17.2,1.265,0,0.085,14.9,0,0,2,0.7,8.4,0,3,1.1,1,0,12.7,11.8,6.011,0
114,061019_4,APOE4/4M,M,APOE4/4,A,Day5_NovelObject3,1,2Objects_NOR,2,5.1,0.4112903226,75.7,5.1,0,3.8,0,7,7.3,0.5887096774,31.7,7.3,0,1.6,0,13,93.1,4.291,0,0.045,54.9,40.4,61.7,20.9,6,9.5,0.345,32.5,0.051,6.8,0,0,2,1.3,34.6,0,2,0.8,20.7,0,9.4,12.7,4.636,20.9
115,061019_5,APOE4/4M,M,APOE4/4,A,Day5_NovelObject3,1,2Objects_NOR,5,5.3,0.277486911,42.8,5.3,0,1.7,0,6,13.8,0.722513089,3.7,6.7,7.1,1.9,1.5,17,80.3,4.837,0,0.059,59.9,22.2,70.1,4.4,9,21.3,0.489,33.6,0.026,10.2,8.6,1.5,1,0.6,88.8,0,1,0.2,,0,11.6,11.4,5.326,5.9
116,061019_6,APOE4/4F,F,APOE4/4,B,Day5_NovelObject3,1,2Objects_NOR,10,8.1,0.4263157895,20.9,8.1,0,2.3,0,7,10.9,0.5736842105,42.9,5.7,5.2,4.3,0,19,74.4,5.042,1.4,0.071,63.7,7.6,79.1,3.2,18,21.6,1.194,0,0.066,15.4,2.6,1.5,5,4.1,36.3,0,2,0.7,22.6,0,9.6,13.3,6.236,4.7
117,061019_7,APOE4/4F,F,APOE4/4,B,Day5_NovelObject3,1,2Objects_NOR,13,22.1,0.5552763819,6.7,12.8,9.3,6.2,1.4,10,17.7,0.4447236181,37.8,16.1,1.6,3.4,0,13,60.8,3.332,0,0.062,49.3,4.7,69.5,1.2,18,27.8,1.619,6,0.08,20.2,0,0,1,0.4,105.2,0,3,1.2,5.7,0,18.1,14.3,4.951,1.2
118,061019_8,APOE4/4F,F,APOE4/4,B,Day5_NovelObject3,1,2Objects_NOR,7,6.2,0.5344827586,14.2,6.2,0,3.9,0,6,5.4,0.4655172414,17.1,4.2,1.2,3,0,18,88.2,6.918,1.2,0.074,73.3,19.7,80.7,2.3,11,9.4,0.739,0,0.1,7.4,0,0,4,1.5,16.7,0,2,1.3,75.1,0,11.4,9.3,7.657,2.3
119,061019_9,APOE4/4F,F,APOE4/4,B,Day5_NovelObject3,1,2Objects_NOR,8,8,0.5555555556,5.8,7.6,0.4,4.5,0,3,6.4,0.4444444444,17.1,4.4,2,3.1,0,23,85.3,9.881,0,0.107,72.5,20.2,80.2,5,12,12.9,0.906,16.7,0.118,7.7,0,0,5,2.6,38.9,0,1,0.4,37.2,0,16.2,19,10.787,5
120,061019_10,APOE4/4F,F,APOE4/4,B,Day5_NovelObject3,1,2Objects_NOR,6,7.9,0.3574660633,6.9,7.9,0,3.8,0,5,14.2,0.6425339367,28.6,8.6,5.7,7.2,2.4,13,74,6.907,1.5,0.092,66.4,8.5,87.7,1.1,15,22.4,1.612,0,0.076,21.3,0,0,8,5.3,64.3,0,0,0,93.2,0,15,18.1,8.519,1.1
